# Blender 4.5.2 LTS
# www.blender.org
mtllib tripo_convert_672a37e7-00e5-44a2-8c06-8a91832d63d9.mtl
o tripo_node_672a37e7-00e5-44a2-8c06-8a91832d63d9
v -0.307914 -0.044929 -0.390250
v -0.309379 -0.016820 -0.392059
v -0.266861 -0.016735 -0.419139
v -0.264987 -0.044431 -0.416651
v -0.343611 -0.044023 -0.354519
v -0.345714 -0.016403 -0.356817
v -0.302504 -0.071634 -0.383621
v -0.338118 -0.070598 -0.349436
v -0.261101 -0.071162 -0.410237
v -0.222894 -0.045111 -0.443136
v -0.219176 -0.071812 -0.436170
v -0.214517 -0.097985 -0.426973
v -0.255693 -0.096993 -0.401739
v -0.296054 -0.097907 -0.375361
v -0.331038 -0.096421 -0.342226
v -0.248585 -0.121568 -0.390711
v -0.287920 -0.122450 -0.365149
v -0.321840 -0.120827 -0.332685
v -0.354865 -0.121172 -0.299404
v -0.365008 -0.096940 -0.307915
v -0.276845 -0.144427 -0.351300
v -0.310114 -0.142806 -0.320548
v -0.341603 -0.143144 -0.288295
v -0.368353 -0.143269 -0.251887
v -0.382808 -0.121410 -0.261421
v -0.297030 -0.163324 -0.307212
v -0.327009 -0.163678 -0.276334
v -0.352678 -0.163790 -0.241588
v -0.374967 -0.164243 -0.204309
v -0.391777 -0.143982 -0.213216
v -0.310311 -0.181349 -0.262572
v -0.334790 -0.181335 -0.229813
v -0.356050 -0.181541 -0.194235
v -0.374250 -0.181775 -0.156898
v -0.394187 -0.164667 -0.165195
v -0.315118 -0.195355 -0.216715
v -0.335267 -0.195357 -0.183092
v -0.352300 -0.195432 -0.147773
v -0.365565 -0.195342 -0.111062
v -0.388381 -0.181436 -0.117819
v -0.312892 -0.205264 -0.171078
v -0.328549 -0.205246 -0.138041
v -0.340879 -0.205345 -0.103703
v -0.349430 -0.205520 -0.068554
v -0.374589 -0.195883 -0.073458
v -0.303455 -0.208156 -0.127697
v -0.314820 -0.208180 -0.095780
v -0.322602 -0.208183 -0.063244
v -0.326910 -0.208123 -0.030197
v -0.354256 -0.205441 -0.032610
v -0.288510 -0.206516 -0.087686
v -0.295548 -0.205773 -0.058045
v -0.299235 -0.206041 -0.027569
v -0.300388 -0.206357 0.002702
v -0.328158 -0.207892 0.002877
v -0.269898 -0.196686 -0.053025
v -0.273255 -0.196793 -0.025041
v -0.274039 -0.196211 0.002549
v -0.272337 -0.196371 0.029787
v -0.298782 -0.206042 0.032691
v -0.248735 -0.183850 -0.023130
v -0.249484 -0.182905 0.002127
v -0.247425 -0.183324 0.026988
v -0.244213 -0.183262 0.051758
v -0.268830 -0.196240 0.056796
v -0.226894 -0.166807 0.001519
v -0.224797 -0.167167 0.024371
v -0.222173 -0.167027 0.047358
v -0.216824 -0.168401 0.070182
v -0.238731 -0.184156 0.076333
v -0.206249 -0.147283 0.022187
v -0.202730 -0.148427 0.043368
v -0.198128 -0.149143 0.064816
v -0.191471 -0.148654 0.084949
v -0.209540 -0.168617 0.092594
v -0.185436 -0.127924 0.039784
v -0.181133 -0.128113 0.059303
v -0.175598 -0.126664 0.077656
v -0.165958 -0.125651 0.094003
v -0.180785 -0.148117 0.102696
v -0.168662 -0.103969 0.054846
v -0.162350 -0.102910 0.071349
v -0.153459 -0.101848 0.086537
v -0.143603 -0.100716 0.101310
v -0.155257 -0.124495 0.109774
v -0.152445 -0.077292 0.066536
v -0.144974 -0.075853 0.081450
v -0.135728 -0.074892 0.095376
v -0.124739 -0.074529 0.108093
v -0.132168 -0.100469 0.114591
v -0.137699 -0.049447 0.077112
v -0.128857 -0.048825 0.090113
v -0.118080 -0.048340 0.102166
v -0.107418 -0.047956 0.114339
v -0.112895 -0.074366 0.120026
v -0.126832 -0.021554 0.088811
v -0.116184 -0.021267 0.100570
v -0.105416 -0.020952 0.112299
v -0.093740 -0.020737 0.122878
v -0.095699 -0.047706 0.124980
v -0.115574 0.005648 0.100244
v -0.104664 0.005901 0.111822
v -0.092732 0.006043 0.121999
v -0.078943 0.006139 0.129531
v -0.080158 -0.020804 0.130933
v -0.105864 0.032552 0.113465
v -0.093623 0.032795 0.123787
v -0.079929 0.032953 0.131828
v -0.066107 0.032688 0.139511
v -0.065067 0.006019 0.136987
v -0.096597 0.059153 0.128149
v -0.082524 0.059743 0.136798
v -0.068381 0.059401 0.144760
v -0.053566 0.058743 0.151141
v -0.051794 0.032205 0.146357
v -0.086970 0.085528 0.144444
v -0.072068 0.085609 0.153100
v -0.056259 0.085194 0.158861
v -0.039979 0.084588 0.163578
v -0.037661 0.058668 0.154567
v -0.077446 0.110362 0.163837
v -0.060408 0.110452 0.170300
v -0.042993 0.109471 0.175578
v -0.024954 0.109333 0.178159
v -0.023073 0.084456 0.166240
v -0.065575 0.133875 0.183992
v -0.046527 0.132982 0.189699
v -0.027041 0.132879 0.192377
v -0.007368 0.132521 0.194157
v -0.006749 0.109063 0.180075
v -0.050891 0.153655 0.207275
v -0.029446 0.153788 0.210367
v -0.007947 0.153268 0.212113
v 0.013691 0.152879 0.212293
v 0.012374 0.132942 0.193441
v -0.032126 0.172978 0.230030
v -0.008640 0.172359 0.231929
v 0.014771 0.172605 0.231587
v 0.038436 0.172937 0.229422
v 0.035301 0.153700 0.209606
v -0.009547 0.188245 0.254684
v 0.016010 0.188170 0.254463
v 0.041806 0.188378 0.252149
v 0.067300 0.188336 0.246832
v 0.061234 0.172813 0.224497
v 0.017550 0.199814 0.279871
v 0.045647 0.199686 0.277096
v 0.073923 0.199350 0.271401
v 0.100583 0.199711 0.262249
v 0.091395 0.188236 0.238268
v 0.050134 0.208212 0.303339
v 0.080612 0.207990 0.296854
v 0.110014 0.208522 0.287098
v 0.138154 0.208636 0.274356
v 0.125999 0.200191 0.250657
v 0.087802 0.209048 0.323834
v 0.119980 0.209055 0.312959
v 0.150632 0.209081 0.298850
v 0.179961 0.209057 0.282259
v 0.165058 0.208767 0.258760
v 0.129727 0.203608 0.338047
v 0.162804 0.203996 0.323504
v 0.194296 0.203738 0.305323
v 0.224174 0.204290 0.284098
v 0.207543 0.209085 0.262693
v 0.174341 0.193789 0.347113
v 0.207814 0.193154 0.326939
v 0.240066 0.194361 0.304549
v 0.269051 0.193352 0.278153
v 0.251364 0.203803 0.259638
v 0.220350 0.178535 0.346730
v 0.254527 0.179704 0.323014
v 0.285186 0.178660 0.295042
v 0.313709 0.179305 0.264860
v 0.295894 0.193900 0.249631
v 0.267538 0.161195 0.339582
v 0.299325 0.160076 0.309855
v 0.329471 0.160858 0.278324
v 0.355814 0.160559 0.243468
v 0.338980 0.179102 0.231732
v 0.312242 0.139460 0.323274
v 0.343729 0.140375 0.290450
v 0.370988 0.139887 0.253985
v 0.395387 0.139801 0.215412
v 0.379173 0.160250 0.206426
v 0.356254 0.117596 0.301013
v 0.384231 0.117098 0.263056
v 0.409353 0.116999 0.223051
v 0.430027 0.116855 0.180137
v 0.415383 0.139634 0.174017
v 0.395038 0.092560 0.270422
v 0.420830 0.092592 0.229289
v 0.441979 0.092470 0.185229
v 0.458119 0.092436 0.139306
v 0.445555 0.116811 0.135388
v 0.429046 0.066242 0.233709
v 0.450504 0.066151 0.188882
v 0.467088 0.066160 0.142144
v 0.479109 0.066295 0.094057
v 0.469771 0.092651 0.092131
v 0.456756 0.039112 0.191533
v 0.473469 0.039078 0.144193
v 0.485742 0.039106 0.095365
v 0.491387 0.038935 0.045423
v 0.484733 0.065840 0.044867
v 0.475787 0.011416 0.144944
v 0.488167 0.011390 0.095867
v 0.493844 0.011350 0.045659
v 0.498253 0.011570 -0.004895
v 0.495965 0.039234 -0.005038
v 0.487688 -0.016584 0.095799
v 0.493097 -0.016420 0.045663
v 0.497123 -0.016522 -0.004653
v 0.492056 -0.016391 -0.054682
v 0.492665 0.011367 -0.054974
v 0.490246 -0.044068 0.045431
v 0.494771 -0.044551 -0.004607
v 0.489418 -0.044032 -0.054152
v 0.484032 -0.044780 -0.103794
v 0.486585 -0.016759 -0.104703
v 0.487219 -0.071659 -0.004387
v 0.482110 -0.070820 -0.053144
v 0.476615 -0.071577 -0.102104
v 0.462491 -0.071153 -0.149823
v 0.469388 -0.044383 -0.152167
v 0.471721 -0.096563 -0.051825
v 0.466226 -0.097516 -0.099680
v 0.452806 -0.096896 -0.146529
v 0.436276 -0.097303 -0.192131
v 0.445698 -0.071423 -0.196416
v 0.453230 -0.121838 -0.096782
v 0.440187 -0.121155 -0.142290
v 0.424446 -0.121714 -0.186765
v 0.402575 -0.121255 -0.228879
v 0.413939 -0.096993 -0.235404
v 0.424049 -0.142989 -0.137091
v 0.408651 -0.143551 -0.179875
v 0.387883 -0.143014 -0.220413
v 0.363339 -0.143739 -0.258395
v 0.377316 -0.121866 -0.268527
v 0.391396 -0.163861 -0.172448
v 0.371539 -0.163301 -0.210974
v 0.348081 -0.164155 -0.247241
v 0.321087 -0.164443 -0.280908
v 0.335174 -0.144005 -0.293459
v 0.352936 -0.180959 -0.200301
v 0.330537 -0.181540 -0.234603
v 0.304799 -0.181659 -0.266554
v 0.276166 -0.181342 -0.295902
v 0.290843 -0.164118 -0.311642
v 0.311149 -0.195453 -0.220916
v 0.286960 -0.195565 -0.250964
v 0.259969 -0.195330 -0.278495
v 0.230876 -0.196228 -0.303586
v 0.245344 -0.182093 -0.322804
v 0.267544 -0.205606 -0.233964
v 0.242466 -0.205441 -0.259645
v 0.215372 -0.205939 -0.282932
v 0.185741 -0.205424 -0.302914
v 0.198975 -0.195451 -0.324994
v 0.223568 -0.208204 -0.239418
v 0.198466 -0.208277 -0.260717
v 0.171477 -0.208307 -0.279346
v 0.142591 -0.208333 -0.295216
v 0.154458 -0.205994 -0.320287
v 0.181491 -0.206422 -0.238342
v 0.156984 -0.205601 -0.255564
v 0.130434 -0.206407 -0.270121
v 0.102795 -0.206513 -0.282537
v 0.112153 -0.208295 -0.308399
v 0.142956 -0.196641 -0.233088
v 0.118920 -0.196732 -0.246615
v 0.093923 -0.196387 -0.257954
v 0.068081 -0.196150 -0.266764
v 0.073518 -0.206309 -0.291837
v 0.107930 -0.184037 -0.224078
v 0.085345 -0.183267 -0.234439
v 0.061832 -0.183700 -0.242656
v 0.036559 -0.185233 -0.247196
v 0.039862 -0.196352 -0.271813
v 0.077530 -0.167322 -0.213129
v 0.055919 -0.167677 -0.220979
v 0.033291 -0.168767 -0.225324
v 0.009814 -0.168253 -0.226853
v 0.010619 -0.184582 -0.249207
v 0.051056 -0.147924 -0.202081
v 0.030490 -0.148550 -0.206352
v 0.009310 -0.147812 -0.208180
v -0.011619 -0.147321 -0.207532
v -0.013199 -0.167386 -0.226922
v 0.027927 -0.126679 -0.189032
v 0.008718 -0.126046 -0.190988
v -0.010488 -0.125562 -0.190580
v -0.029657 -0.125619 -0.188512
v -0.032304 -0.147175 -0.205402
v 0.008084 -0.102421 -0.176578
v -0.009639 -0.102034 -0.176310
v -0.027453 -0.102316 -0.174188
v -0.045065 -0.102841 -0.170832
v -0.048674 -0.126061 -0.184956
v -0.009074 -0.076760 -0.165439
v -0.025891 -0.077030 -0.163594
v -0.042597 -0.077369 -0.161081
v -0.058615 -0.077878 -0.155854
v -0.062316 -0.103315 -0.165473
v -0.024728 -0.050989 -0.154846
v -0.040606 -0.051139 -0.152907
v -0.055613 -0.051724 -0.148076
v -0.069855 -0.052205 -0.140762
v -0.074080 -0.077928 -0.149002
v -0.039785 -0.023886 -0.149152
v -0.054529 -0.024435 -0.144423
v -0.068391 -0.024811 -0.137487
v -0.082221 -0.024745 -0.130096
v -0.083939 -0.052029 -0.132870
v -0.053994 0.003311 -0.142232
v -0.068296 0.002899 -0.136810
v -0.081578 0.002768 -0.128798
v -0.094812 0.002698 -0.120504
v -0.095662 -0.024565 -0.121888
v -0.069437 0.030369 -0.138607
v -0.082949 0.030136 -0.130541
v -0.096190 0.029940 -0.121962
v -0.107830 0.029953 -0.111309
v -0.106221 0.002703 -0.109895
v -0.085862 0.057110 -0.134546
v -0.099262 0.056815 -0.125512
v -0.111056 0.056967 -0.114401
v -0.122244 0.057047 -0.102657
v -0.118683 0.030033 -0.099810
v -0.104093 0.083232 -0.131314
v -0.116579 0.083351 -0.119758
v -0.128644 0.083294 -0.107882
v -0.138358 0.083964 -0.094117
v -0.131544 0.057540 -0.089554
v -0.125242 0.108164 -0.128331
v -0.137761 0.108165 -0.115383
v -0.148607 0.108699 -0.100896
v -0.158260 0.109498 -0.085296
v -0.147000 0.084838 -0.079403
v -0.148347 0.132119 -0.124109
v -0.160032 0.132562 -0.108424
v -0.171435 0.132652 -0.092243
v -0.180284 0.133239 -0.074548
v -0.166907 0.109562 -0.069266
v -0.175668 0.153175 -0.118937
v -0.187186 0.153839 -0.100764
v -0.196864 0.154602 -0.081223
v -0.204439 0.153850 -0.060659
v -0.186679 0.132765 -0.055872
v -0.204145 0.173473 -0.110167
v -0.214740 0.174096 -0.088798
v -0.223382 0.173613 -0.066055
v -0.228610 0.172591 -0.043483
v -0.208851 0.152978 -0.039942
v -0.236350 0.188382 -0.098097
v -0.245210 0.188350 -0.073155
v -0.251323 0.188289 -0.047872
v -0.254189 0.188239 -0.022644
v -0.231243 0.172398 -0.020560
v -0.269202 0.199856 -0.080910
v -0.276163 0.199588 -0.053016
v -0.279767 0.199450 -0.024973
v -0.280690 0.199832 0.003179
v -0.255428 0.187895 0.002933
v -0.301999 0.208329 -0.058363
v -0.306026 0.208243 -0.027545
v -0.307176 0.208292 0.003395
v -0.305228 0.208334 0.034477
v -0.278820 0.199737 0.031499
v -0.333651 0.209074 -0.030322
v -0.334774 0.209104 0.003691
v -0.332757 0.209032 0.037561
v -0.327610 0.209030 0.070990
v -0.300444 0.208215 0.064966
v -0.361708 0.204368 0.003898
v -0.359484 0.203779 0.040617
v -0.354175 0.204275 0.076879
v -0.344733 0.203747 0.112236
v -0.319161 0.209018 0.103799
v -0.384657 0.193205 0.043312
v -0.379290 0.193830 0.082251
v -0.369042 0.192984 0.120187
v -0.355182 0.193444 0.156936
v -0.331717 0.203950 0.146596
v -0.402209 0.179302 0.086979
v -0.391204 0.178263 0.127404
v -0.376754 0.178923 0.166516
v -0.357615 0.178459 0.203393
v -0.337349 0.193247 0.191859
v -0.410636 0.159864 0.133447
v -0.395869 0.160362 0.174864
v -0.375512 0.159656 0.213480
v -0.352462 0.159964 0.250424
v -0.335608 0.178696 0.238432
v -0.413039 0.139943 0.182084
v -0.391996 0.139257 0.222697
v -0.367595 0.139399 0.261267
v -0.339007 0.139642 0.296673
v -0.325058 0.160245 0.284341
v -0.405882 0.116558 0.230372
v -0.380717 0.116690 0.270556
v -0.351178 0.116782 0.307329
v -0.318012 0.116481 0.340680
v -0.307112 0.139245 0.329060
v -0.391465 0.092253 0.277948
v -0.361144 0.092280 0.315962
v -0.326972 0.091991 0.350225
v -0.290870 0.093191 0.383092
v -0.282895 0.117505 0.372624
v -0.368097 0.065858 0.321840
v -0.333209 0.065672 0.356832
v -0.296489 0.066438 0.390174
v -0.254561 0.065993 0.416475
v -0.249737 0.092366 0.408915
v -0.337710 0.038628 0.361562
v -0.300561 0.039054 0.395521
v -0.258079 0.038891 0.421925
v -0.215662 0.039162 0.448491
v -0.212140 0.066542 0.441902
v -0.302255 0.011314 0.397523
v -0.259610 0.011171 0.424212
v -0.216503 0.011299 0.450401
v -0.169118 0.011004 0.467771
v -0.168196 0.038627 0.465243
v -0.259447 -0.016643 0.423788
v -0.216230 -0.016916 0.450024
v -0.168945 -0.016772 0.467222
v -0.121445 -0.017263 0.483936
v -0.121747 0.011232 0.484660
v -0.215073 -0.045014 0.447251
v -0.168016 -0.044431 0.464211
v -0.121086 -0.045387 0.480905
v -0.071285 -0.044798 0.487637
v -0.071536 -0.017051 0.490427
v -0.165566 -0.071254 0.457168
v -0.119179 -0.072193 0.473330
v -0.070301 -0.071604 0.480321
v -0.021395 -0.071667 0.485510
v -0.021689 -0.044974 0.493202
v -0.116582 -0.098357 0.462916
v -0.068797 -0.097461 0.470100
v -0.020956 -0.097559 0.475087
v 0.027132 -0.097274 0.474487
v 0.027878 -0.071440 0.484769
v -0.066840 -0.121861 0.456909
v -0.020306 -0.121951 0.461450
v 0.026133 -0.121637 0.460929
v 0.072442 -0.121933 0.456089
v 0.074798 -0.097469 0.469258
v -0.019604 -0.143967 0.444288
v 0.024991 -0.143704 0.443767
v 0.069612 -0.143820 0.438991
v 0.113845 -0.144529 0.430996
v 0.118464 -0.122625 0.448058
v 0.023874 -0.164404 0.425033
v 0.066689 -0.164418 0.420517
v 0.109252 -0.165157 0.412869
v 0.150354 -0.163779 0.399602
v 0.156820 -0.143290 0.417203
v 0.063324 -0.181863 0.399308
v 0.103762 -0.182318 0.391602
v 0.143006 -0.181192 0.379352
v 0.180696 -0.181808 0.363832
v 0.190590 -0.164593 0.383435
v 0.097722 -0.196157 0.368510
v 0.134745 -0.195336 0.357052
v 0.169827 -0.196157 0.342118
v 0.203077 -0.195427 0.322751
v 0.215973 -0.181306 0.342784
v 0.125252 -0.205341 0.332833
v 0.157966 -0.205778 0.318777
v 0.189222 -0.205245 0.301073
v 0.218971 -0.205778 0.280526
v 0.235045 -0.196088 0.300596
v 0.145315 -0.208215 0.294051
v 0.174360 -0.208205 0.277956
v 0.201665 -0.208093 0.258834
v 0.227182 -0.208083 0.236885
v 0.246296 -0.205186 0.256630
v 0.159190 -0.206604 0.254627
v 0.184432 -0.205991 0.237349
v 0.207978 -0.206641 0.217048
v 0.229094 -0.206307 0.194562
v 0.250375 -0.208133 0.212484
v 0.168239 -0.196771 0.217038
v 0.189684 -0.197247 0.198624
v 0.209015 -0.196987 0.178014
v 0.226126 -0.196893 0.155206
v 0.247670 -0.205998 0.170226
v 0.172621 -0.184859 0.180983
v 0.190400 -0.184880 0.162471
v 0.205996 -0.184933 0.141369
v 0.218948 -0.184940 0.119243
v 0.240773 -0.197137 0.131624
v 0.173172 -0.169575 0.147548
v 0.187335 -0.169848 0.128501
v 0.199650 -0.168646 0.108470
v 0.209902 -0.168188 0.087993
v 0.230472 -0.184260 0.097053
v 0.172289 -0.149426 0.117758
v 0.183433 -0.148540 0.099540
v 0.192399 -0.148580 0.080282
v 0.199665 -0.148654 0.060257
v 0.217916 -0.168373 0.066197
v 0.168420 -0.127088 0.091265
v 0.176319 -0.127286 0.073458
v 0.182765 -0.127025 0.055197
v 0.187124 -0.126415 0.036703
v 0.204276 -0.148167 0.039989
v 0.162740 -0.103961 0.067926
v 0.169047 -0.103224 0.051278
v 0.172996 -0.102727 0.034094
v 0.175010 -0.102838 0.016336
v 0.189533 -0.126300 0.017640
v 0.159067 -0.077605 0.048588
v 0.162490 -0.077326 0.032186
v 0.165064 -0.077181 0.015454
v 0.167056 -0.077177 -0.001288
v 0.176445 -0.103050 -0.001338
v 0.153886 -0.051311 0.030585
v 0.156414 -0.051212 0.014620
v 0.158463 -0.051150 -0.001267
v 0.157164 -0.051930 -0.017126
v 0.165387 -0.078337 -0.018080
v 0.152950 -0.023797 0.014324
v 0.154355 -0.023905 -0.001176
v 0.152949 -0.024337 -0.016560
v 0.150884 -0.024606 -0.031651
v 0.154824 -0.052417 -0.032758
v 0.152592 0.003921 -0.001122
v 0.151139 0.003801 -0.016323
v 0.148982 0.003669 -0.031219
v 0.144645 0.003707 -0.045400
v 0.146062 -0.024476 -0.045963
v 0.153539 0.031776 -0.016629
v 0.151402 0.031840 -0.031858
v 0.147253 0.031819 -0.046511
v 0.142021 0.031546 -0.061116
v 0.139033 0.003939 -0.059608
v 0.156425 0.059416 -0.032969
v 0.152029 0.059313 -0.048287
v 0.146588 0.058673 -0.063536
v 0.139080 0.058219 -0.077958
v 0.135395 0.031262 -0.075453
v 0.159967 0.085632 -0.051297
v 0.154203 0.084613 -0.067471
v 0.145980 0.084207 -0.082501
v 0.136775 0.083948 -0.096974
v 0.130320 0.057923 -0.091809
v 0.164850 0.109185 -0.072837
v 0.156037 0.108957 -0.088886
v 0.145845 0.109050 -0.104123
v 0.134848 0.108756 -0.118476
v 0.126132 0.083908 -0.110226
v 0.167748 0.132711 -0.095849
v 0.156362 0.133279 -0.112054
v 0.144746 0.133127 -0.127758
v 0.132428 0.132283 -0.142701
v 0.122411 0.108820 -0.131624
v 0.171985 0.153698 -0.123259
v 0.159166 0.153723 -0.140420
v 0.144634 0.153529 -0.156020
v 0.128045 0.153779 -0.169518
v 0.117161 0.132973 -0.154751
v 0.174173 0.173330 -0.153328
v 0.157744 0.173374 -0.170382
v 0.139730 0.173090 -0.185556
v 0.120212 0.173085 -0.198612
v 0.110078 0.153904 -0.181689
v 0.173081 0.188935 -0.186944
v 0.153422 0.188551 -0.204003
v 0.132142 0.188660 -0.218311
v 0.109595 0.187954 -0.231194
v 0.099725 0.172807 -0.210603
v 0.168828 0.200009 -0.224025
v 0.145364 0.200479 -0.239996
v 0.120494 0.199912 -0.253805
v 0.094238 0.199594 -0.265092
v 0.085354 0.188574 -0.241130
v 0.159476 0.208471 -0.262669
v 0.132053 0.208625 -0.277763
v 0.103134 0.208253 -0.289789
v 0.072968 0.208263 -0.298769
v 0.066617 0.199856 -0.273173
v 0.143985 0.209051 -0.302385
v 0.112424 0.209036 -0.315743
v 0.079791 0.208981 -0.325632
v 0.046223 0.208820 -0.331501
v 0.042226 0.208185 -0.304167
v 0.121686 0.203608 -0.340911
v 0.086493 0.204248 -0.351840
v 0.050298 0.203779 -0.358291
v 0.013609 0.204148 -0.361512
v 0.012338 0.208755 -0.334348
v 0.092982 0.194298 -0.376829
v 0.054126 0.193315 -0.383341
v 0.014671 0.193831 -0.386849
v -0.024977 0.193588 -0.386180
v -0.023251 0.203996 -0.360897
v 0.057420 0.178736 -0.406350
v 0.015586 0.179278 -0.409939
v -0.026372 0.178890 -0.409211
v -0.067949 0.178666 -0.404918
v -0.064224 0.193412 -0.381811
v 0.016436 0.160731 -0.430280
v -0.027357 0.160273 -0.429447
v -0.070893 0.159955 -0.425073
v -0.113733 0.160382 -0.416573
v -0.108490 0.179051 -0.396439
v -0.028066 0.139572 -0.447972
v -0.073406 0.139413 -0.443479
v -0.118354 0.139894 -0.434722
v -0.161408 0.139559 -0.420035
v -0.154975 0.160133 -0.402472
v -0.075682 0.116666 -0.459295
v -0.122361 0.117144 -0.450390
v -0.166929 0.116766 -0.435039
v -0.210602 0.117608 -0.417296
v -0.203498 0.140533 -0.402557
v -0.125746 0.092812 -0.463334
v -0.171438 0.092256 -0.447367
v -0.216406 0.093157 -0.429252
v -0.257885 0.092030 -0.404170
v -0.251095 0.116241 -0.393087
v -0.174480 0.065815 -0.455840
v -0.220317 0.066397 -0.437507
v -0.262448 0.065728 -0.411659
v -0.304380 0.066151 -0.384630
v -0.299117 0.092969 -0.377530
v -0.223403 0.038959 -0.443741
v -0.265823 0.038692 -0.417142
v -0.308603 0.038891 -0.390395
v -0.344474 0.038646 -0.355011
v -0.340099 0.065551 -0.350160
v -0.267166 0.011047 -0.419466
v -0.309848 0.011395 -0.392631
v -0.346171 0.011208 -0.357098
v -0.381825 0.011354 -0.321334
v -0.379890 0.038992 -0.319518
v -0.381347 -0.016640 -0.321115
v -0.411015 -0.016800 -0.280074
v -0.411388 0.011045 -0.280234
v -0.378691 -0.044367 -0.319127
v -0.408387 -0.044437 -0.278376
v -0.434872 -0.044880 -0.235838
v -0.437818 -0.017078 -0.237339
v -0.372948 -0.071059 -0.314437
v -0.402241 -0.071190 -0.274296
v -0.428282 -0.071760 -0.232364
v -0.449507 -0.071907 -0.187897
v -0.456359 -0.044989 -0.190558
v -0.393745 -0.097033 -0.268664
v -0.419133 -0.097781 -0.227581
v -0.439871 -0.097943 -0.184045
v -0.455833 -0.097725 -0.138519
v -0.465784 -0.071815 -0.141452
v -0.407382 -0.122287 -0.221450
v -0.427357 -0.122316 -0.178989
v -0.443046 -0.122084 -0.134663
v -0.454735 -0.122201 -0.088832
v -0.467843 -0.097903 -0.091559
v -0.411416 -0.144248 -0.172437
v -0.426695 -0.143900 -0.129617
v -0.437706 -0.144007 -0.085416
v -0.442859 -0.143309 -0.040661
v -0.460035 -0.121478 -0.042352
v -0.408885 -0.164177 -0.124071
v -0.419273 -0.164416 -0.081814
v -0.424161 -0.163831 -0.038843
v -0.427028 -0.164439 0.004298
v -0.445777 -0.143936 0.004248
v -0.398006 -0.181778 -0.077871
v -0.403010 -0.181252 -0.036939
v -0.405248 -0.181861 0.004089
v -0.402494 -0.180905 0.044873
v -0.423684 -0.163298 0.047225
v -0.379462 -0.195105 -0.034875
v -0.381111 -0.195460 0.003712
v -0.378837 -0.194978 0.042126
v -0.373414 -0.195796 0.080086
v -0.396966 -0.181577 0.085301
v -0.355794 -0.205973 0.003285
v -0.353408 -0.205356 0.039081
v -0.348268 -0.205874 0.074558
v -0.339052 -0.205232 0.109463
v -0.363497 -0.195058 0.117316
v -0.326356 -0.208234 0.035860
v -0.321392 -0.208274 0.068528
v -0.313048 -0.208267 0.100974
v -0.301111 -0.208269 0.132429
v -0.326415 -0.205482 0.143335
v -0.294450 -0.206078 0.062398
v -0.287057 -0.206348 0.092258
v -0.275848 -0.205705 0.121349
v -0.261737 -0.206071 0.148377
v -0.286144 -0.208254 0.161925
v -0.262494 -0.196695 0.083763
v -0.252195 -0.196447 0.110620
v -0.238885 -0.196690 0.135869
v -0.223794 -0.196517 0.159140
v -0.245326 -0.206006 0.174037
v -0.230252 -0.184251 0.101033
v -0.217523 -0.184330 0.124126
v -0.203376 -0.183801 0.144652
v -0.187734 -0.183532 0.163377
v -0.206697 -0.196396 0.180075
v -0.197717 -0.168476 0.112587
v -0.184605 -0.167594 0.131000
v -0.170954 -0.166501 0.148511
v -0.154731 -0.168153 0.163650
v -0.170414 -0.184396 0.180412
v -0.168877 -0.147060 0.119607
v -0.156167 -0.146175 0.135635
v -0.141907 -0.146435 0.150347
v -0.126343 -0.147061 0.163853
v -0.137506 -0.168678 0.178134
v -0.143124 -0.124119 0.124258
v -0.129631 -0.124459 0.137693
v -0.116174 -0.124041 0.151026
v -0.100589 -0.124388 0.161600
v -0.109453 -0.147001 0.175832
v -0.119342 -0.100790 0.126861
v -0.106306 -0.100707 0.138691
v -0.092994 -0.100053 0.149652
v -0.077369 -0.100975 0.157082
v -0.084198 -0.124726 0.170779
v -0.100701 -0.074099 0.131349
v -0.087526 -0.073964 0.141364
v -0.072726 -0.074595 0.148776
v -0.057311 -0.075419 0.155037
v -0.061250 -0.101833 0.164130
v -0.082203 -0.047956 0.133593
v -0.068608 -0.048093 0.141704
v -0.053825 -0.048868 0.147620
v -0.038776 -0.049682 0.152755
v -0.041797 -0.076235 0.160821
v -0.066267 -0.021008 0.138406
v -0.052136 -0.021428 0.145246
v -0.037131 -0.022166 0.149770
v -0.021681 -0.023174 0.152167
v -0.023329 -0.050906 0.155813
v -0.051025 0.005610 0.144088
v -0.036010 0.005051 0.148232
v -0.020396 0.004320 0.150187
v -0.005013 0.003669 0.152407
v -0.006350 -0.024165 0.154235
v -0.036253 0.031878 0.149887
v -0.020601 0.031608 0.152923
v -0.004960 0.031572 0.153936
v 0.010371 0.031627 0.153295
v 0.009959 0.003234 0.152288
v -0.021535 0.058563 0.157428
v -0.005439 0.058358 0.159892
v 0.010740 0.058804 0.159371
v 0.026724 0.058868 0.157336
v 0.025664 0.031361 0.152089
v -0.006037 0.084369 0.168354
v 0.011102 0.084882 0.168083
v 0.028096 0.085162 0.165927
v 0.044755 0.084617 0.162451
v 0.042463 0.058123 0.154661
v 0.011606 0.109518 0.179727
v 0.029941 0.109717 0.177665
v 0.047750 0.109438 0.173485
v 0.065024 0.109251 0.167464
v 0.060817 0.084102 0.156938
v 0.032309 0.132929 0.191635
v 0.051396 0.132724 0.187287
v 0.070017 0.132782 0.180768
v 0.088283 0.132601 0.173447
v 0.081623 0.109102 0.160297
v 0.056090 0.153474 0.205084
v 0.076338 0.153465 0.197974
v 0.096244 0.153535 0.189676
v 0.115006 0.154123 0.178743
v 0.104946 0.132878 0.163344
v 0.083223 0.172676 0.216607
v 0.104647 0.172777 0.207324
v 0.125486 0.173694 0.195659
v 0.144584 0.172963 0.181997
v 0.132085 0.153208 0.166266
v 0.114791 0.188039 0.228165
v 0.137308 0.189242 0.215089
v 0.158580 0.188891 0.199616
v 0.177643 0.187591 0.182776
v 0.161189 0.172688 0.165889
v 0.150765 0.200193 0.236508
v 0.174299 0.199994 0.219680
v 0.195088 0.199979 0.200806
v 0.213807 0.200453 0.180332
v 0.194015 0.188958 0.163636
v 0.190425 0.208318 0.240632
v 0.213510 0.208566 0.220073
v 0.234283 0.208730 0.197525
v 0.252990 0.208677 0.172876
v 0.230874 0.200388 0.158139
v 0.232687 0.209100 0.240171
v 0.255492 0.209147 0.215353
v 0.276054 0.209133 0.188749
v 0.293855 0.209183 0.160222
v 0.269369 0.208303 0.146856
v 0.276324 0.204226 0.232974
v 0.298511 0.204127 0.204161
v 0.317735 0.203979 0.173039
v 0.333483 0.203914 0.140109
v 0.308725 0.209179 0.129688
v 0.319671 0.193559 0.218474
v 0.340365 0.193472 0.185116
v 0.357193 0.193408 0.150024
v 0.370373 0.193277 0.112974
v 0.346048 0.203954 0.105396
v 0.361170 0.178930 0.196446
v 0.378938 0.178523 0.159108
v 0.392715 0.178553 0.119837
v 0.402834 0.179223 0.079094
v 0.379969 0.193623 0.074771
v 0.398060 0.159936 0.166942
v 0.412378 0.160095 0.125596
v 0.423088 0.160829 0.082861
v 0.428214 0.159691 0.039317
v 0.407980 0.178464 0.037472
v 0.430284 0.139661 0.130804
v 0.441294 0.140235 0.086396
v 0.446775 0.139210 0.041152
v 0.449785 0.139576 -0.004436
v 0.430981 0.159859 -0.004231
v 0.457011 0.117242 0.089549
v 0.462576 0.116501 0.042739
v 0.466438 0.117073 -0.004638
v 0.461675 0.116256 -0.051889
v 0.446064 0.138918 -0.049977
v 0.475490 0.091969 0.043999
v 0.479560 0.092939 -0.004807
v 0.474699 0.091954 -0.053363
v 0.468909 0.093400 -0.101451
v 0.455776 0.117745 -0.098652
v 0.488902 0.066464 -0.004848
v 0.483696 0.065853 -0.054283
v 0.478017 0.066643 -0.103436
v 0.463785 0.066090 -0.150837
v 0.455097 0.092542 -0.148036
v 0.490235 0.038955 -0.054895
v 0.484663 0.039193 -0.104659
v 0.469911 0.038873 -0.152755
v 0.453311 0.038901 -0.199981
v 0.447284 0.066178 -0.197411
v 0.486985 0.011439 -0.105003
v 0.472434 0.011135 -0.153446
v 0.455858 0.011158 -0.201048
v 0.432304 0.010972 -0.245835
v 0.430093 0.038592 -0.244591
v 0.472163 -0.016738 -0.153225
v 0.455450 -0.016872 -0.200840
v 0.431909 -0.016859 -0.245618
v 0.405090 -0.017002 -0.288297
v 0.405530 0.010905 -0.288580
v 0.452643 -0.044661 -0.199492
v 0.429239 -0.044526 -0.244089
v 0.402557 -0.044654 -0.286514
v 0.371224 -0.044823 -0.325642
v 0.373572 -0.017079 -0.327745
v 0.422814 -0.071233 -0.240463
v 0.396446 -0.071527 -0.282236
v 0.365797 -0.071696 -0.320798
v 0.331010 -0.071526 -0.355593
v 0.335968 -0.044717 -0.361095
v 0.387947 -0.097384 -0.276192
v 0.357987 -0.097599 -0.313819
v 0.324086 -0.097349 -0.347925
v 0.288176 -0.098206 -0.380077
v 0.294374 -0.072099 -0.388586
v 0.348046 -0.122056 -0.304980
v 0.315205 -0.121809 -0.338144
v 0.280475 -0.122816 -0.369670
v 0.240951 -0.121954 -0.394738
v 0.247657 -0.097403 -0.406020
v 0.303640 -0.143691 -0.325493
v 0.269957 -0.144627 -0.355407
v 0.232214 -0.143727 -0.380122
v 0.192974 -0.144879 -0.402704
v 0.200689 -0.123218 -0.419020
v 0.258621 -0.165129 -0.340443
v 0.222505 -0.164147 -0.364050
v 0.185008 -0.165281 -0.385671
v 0.144643 -0.164263 -0.401246
v 0.150857 -0.143814 -0.419058
v 0.211332 -0.181379 -0.345585
v 0.175650 -0.182202 -0.365513
v 0.137601 -0.181565 -0.380879
v 0.098303 -0.182428 -0.393355
v 0.103426 -0.165352 -0.414770
v 0.165457 -0.196162 -0.343601
v 0.129778 -0.195389 -0.358320
v 0.092768 -0.196279 -0.370153
v 0.054309 -0.195342 -0.377235
v 0.057527 -0.181334 -0.400542
v 0.121282 -0.205282 -0.334152
v 0.086736 -0.205843 -0.345273
v 0.050989 -0.205306 -0.352020
v 0.014860 -0.205479 -0.355106
v 0.015728 -0.195486 -0.380935
v 0.079990 -0.208244 -0.318549
v 0.047090 -0.208166 -0.325051
v 0.013921 -0.208118 -0.327917
v -0.019273 -0.208094 -0.327665
v -0.020944 -0.205337 -0.354815
v 0.043085 -0.205141 -0.297790
v 0.012835 -0.205910 -0.300080
v -0.017389 -0.206189 -0.299929
v -0.047837 -0.205749 -0.297107
v -0.052585 -0.208075 -0.324402
v 0.011706 -0.196158 -0.273997
v -0.015936 -0.196438 -0.273951
v -0.043611 -0.196252 -0.271318
v -0.070450 -0.196246 -0.265473
v -0.077431 -0.205804 -0.290823
v -0.014592 -0.183502 -0.249584
v -0.039398 -0.183163 -0.247083
v -0.063750 -0.183387 -0.241435
v -0.087699 -0.183748 -0.233522
v -0.096500 -0.196966 -0.256697
v -0.035434 -0.166695 -0.225061
v -0.057611 -0.167656 -0.219429
v -0.079804 -0.167854 -0.212302
v -0.101612 -0.167705 -0.203965
v -0.111128 -0.183677 -0.223939
v -0.052808 -0.147700 -0.201314
v -0.073342 -0.148159 -0.194929
v -0.093333 -0.148158 -0.187013
v -0.111611 -0.148488 -0.176135
v -0.122161 -0.168522 -0.192333
v -0.067350 -0.126718 -0.178944
v -0.085495 -0.126637 -0.171717
v -0.102089 -0.126842 -0.161783
v -0.117958 -0.126088 -0.150631
v -0.128696 -0.147719 -0.163945
v -0.079022 -0.103086 -0.158863
v -0.094314 -0.103326 -0.149680
v -0.109059 -0.102782 -0.139509
v -0.121944 -0.103050 -0.127017
v -0.132237 -0.126110 -0.137502
v -0.088720 -0.077817 -0.140643
v -0.102880 -0.077351 -0.131592
v -0.115024 -0.077615 -0.119685
v -0.126553 -0.077965 -0.107093
v -0.134126 -0.103455 -0.113668
v -0.097822 -0.051427 -0.124784
v -0.109638 -0.051618 -0.113866
v -0.120940 -0.051817 -0.102165
v -0.130472 -0.052410 -0.089267
v -0.137794 -0.078225 -0.094311
v -0.107370 -0.024609 -0.111252
v -0.118283 -0.024746 -0.099766
v -0.127590 -0.025004 -0.087141
v -0.135316 -0.025123 -0.073711
v -0.138329 -0.052909 -0.075350
v -0.117094 0.002642 -0.098603
v -0.126063 0.002659 -0.086026
v -0.134248 0.002749 -0.073019
v -0.140904 0.002933 -0.059472
v -0.142601 -0.024851 -0.060202
v -0.127928 0.030245 -0.087163
v -0.135738 0.030514 -0.073656
v -0.143176 0.030620 -0.060148
v -0.148602 0.030619 -0.045760
v -0.146008 0.003100 -0.044942
v -0.139730 0.058100 -0.075641
v -0.147446 0.058142 -0.061734
v -0.153177 0.057872 -0.047065
v -0.156014 0.057823 -0.031167
v -0.151426 0.030639 -0.030355
v -0.155122 0.084838 -0.064661
v -0.161490 0.084124 -0.049285
v -0.164313 0.083914 -0.032507
v -0.166795 0.083574 -0.015518
v -0.158484 0.057599 -0.014980
v -0.173100 0.108887 -0.052350
v -0.176258 0.108616 -0.034423
v -0.178684 0.108276 -0.016336
v -0.180041 0.108091 0.001694
v -0.168312 0.083395 0.001379
v -0.190926 0.131895 -0.036855
v -0.193237 0.131704 -0.017398
v -0.194637 0.131499 0.002017
v -0.192983 0.132145 0.021532
v -0.178201 0.108980 0.019690
v -0.211237 0.152884 -0.018837
v -0.212517 0.152747 0.002421
v -0.210902 0.153183 0.023718
v -0.207980 0.153172 0.045205
v -0.190230 0.132238 0.041173
v -0.232730 0.171944 0.002681
v -0.230624 0.172493 0.026037
v -0.227426 0.172422 0.049368
v -0.221505 0.173147 0.072139
v -0.202371 0.153576 0.065910
v -0.253526 0.188223 0.028638
v -0.250015 0.187936 0.054028
v -0.243529 0.188765 0.079313
v -0.234406 0.188226 0.103325
v -0.213184 0.173018 0.093843
v -0.274660 0.199417 0.059257
v -0.267709 0.199951 0.087073
v -0.257530 0.199730 0.113780
v -0.244329 0.199899 0.138840
v -0.222261 0.188507 0.126149
v -0.293073 0.208401 0.095128
v -0.281734 0.208164 0.124540
v -0.267442 0.208504 0.152046
v -0.250513 0.208669 0.178107
v -0.228790 0.200329 0.162665
v -0.307017 0.209022 0.135668
v -0.291448 0.209112 0.165743
v -0.273055 0.209171 0.194063
v -0.252156 0.209213 0.220563
v -0.231242 0.208711 0.202339
v -0.315011 0.203918 0.179200
v -0.295362 0.204078 0.209870
v -0.272709 0.204187 0.238302
v -0.247137 0.203844 0.264563
v -0.228734 0.209156 0.244998
v -0.316427 0.193539 0.224809
v -0.291977 0.193576 0.255222
v -0.264639 0.193289 0.283376
v -0.235038 0.194037 0.308918
v -0.219398 0.204247 0.288395
v -0.309563 0.178780 0.270691
v -0.280542 0.178451 0.300462
v -0.249283 0.179287 0.327599
v -0.214454 0.178654 0.350514
v -0.202268 0.193254 0.330546
v -0.294488 0.159807 0.315515
v -0.261802 0.160854 0.344519
v -0.225028 0.160355 0.368195
v -0.186805 0.161250 0.389785
v -0.177799 0.179476 0.370823
v -0.272972 0.140319 0.359584
v -0.234620 0.139635 0.384243
v -0.194908 0.140792 0.406825
v -0.152341 0.139544 0.423245
v -0.145887 0.160123 0.405713
v -0.242885 0.116871 0.397808
v -0.202231 0.117963 0.421818
v -0.157975 0.116686 0.438253
v -0.113365 0.117481 0.453337
v -0.109123 0.140402 0.437445
v -0.207827 0.093404 0.433555
v -0.162541 0.092048 0.450446
v -0.116911 0.093184 0.466347
v -0.068701 0.091851 0.473319
v -0.066635 0.116306 0.460324
v -0.165795 0.065691 0.459032
v -0.119139 0.066356 0.475279
v -0.070103 0.065604 0.482342
v -0.020875 0.065696 0.487512
v -0.020437 0.091904 0.478274
v -0.121077 0.038877 0.482038
v -0.071138 0.038540 0.488562
v -0.021302 0.038574 0.494082
v 0.028877 0.038486 0.493219
v 0.028636 0.065568 0.486741
v -0.071566 0.010842 0.491031
v -0.021529 0.010881 0.496724
v 0.028893 0.010865 0.495860
v 0.078941 0.010829 0.490195
v 0.078689 0.038552 0.487805
v -0.021612 -0.017080 0.496015
v 0.028715 -0.017014 0.495273
v 0.078717 -0.017046 0.489775
v 0.128457 -0.017234 0.481361
v 0.128818 0.010973 0.481940
v 0.028422 -0.044741 0.492271
v 0.078091 -0.044769 0.487020
v 0.127477 -0.045239 0.478391
v 0.174577 -0.044790 0.461656
v 0.175774 -0.017086 0.464458
v 0.076706 -0.071565 0.479513
v 0.125217 -0.072152 0.471211
v 0.171669 -0.071543 0.454780
v 0.217926 -0.072163 0.436607
v 0.221686 -0.045365 0.443470
v 0.122149 -0.098228 0.461003
v 0.167785 -0.097331 0.445347
v 0.213210 -0.098256 0.427290
v 0.254422 -0.097277 0.401898
v 0.259864 -0.071398 0.410536
v 0.162884 -0.121601 0.433084
v 0.207323 -0.122519 0.415681
v 0.247376 -0.121793 0.390867
v 0.286238 -0.122220 0.364570
v 0.294696 -0.097965 0.375493
v 0.199203 -0.144262 0.400119
v 0.238021 -0.143682 0.376545
v 0.275346 -0.144348 0.351021
v 0.308725 -0.143032 0.320656
v 0.320443 -0.120945 0.332855
v 0.227699 -0.164089 0.360825
v 0.263751 -0.165124 0.336660
v 0.295740 -0.163890 0.307261
v 0.325956 -0.164207 0.276406
v 0.340378 -0.143655 0.288690
v 0.250028 -0.182132 0.319332
v 0.280752 -0.181238 0.291855
v 0.309473 -0.181647 0.262260
v 0.334550 -0.181133 0.229805
v 0.352139 -0.163592 0.241802
v 0.264173 -0.195294 0.274893
v 0.291212 -0.195746 0.246800
v 0.314861 -0.195328 0.216404
v 0.335120 -0.195402 0.183283
v 0.356189 -0.181208 0.194602
v 0.271389 -0.205582 0.230275
v 0.293403 -0.205280 0.201738
v 0.312446 -0.205378 0.171097
v 0.327874 -0.205191 0.138712
v 0.351828 -0.195210 0.148690
v 0.270744 -0.208203 0.186119
v 0.288087 -0.208252 0.157979
v 0.302543 -0.208193 0.128124
v 0.313944 -0.208100 0.096796
v 0.340170 -0.205103 0.104928
v 0.263689 -0.206060 0.144661
v 0.277007 -0.206455 0.117059
v 0.287459 -0.206332 0.088473
v 0.295065 -0.205747 0.058936
v 0.322018 -0.208051 0.064680
v 0.253114 -0.196752 0.106883
v 0.262929 -0.196234 0.080638
v 0.269414 -0.196579 0.053385
v 0.273490 -0.196728 0.026240
v 0.299496 -0.206059 0.029055
v 0.239881 -0.183641 0.073349
v 0.245125 -0.184233 0.048331
v 0.248517 -0.184540 0.023431
v 0.250968 -0.184172 -0.001377
v 0.275411 -0.196504 -0.001350
v 0.223209 -0.168178 0.043857
v 0.226297 -0.167953 0.021120
v 0.228171 -0.167766 -0.001480
v 0.227036 -0.169068 -0.024124
v 0.249569 -0.184928 -0.026914
v 0.206622 -0.148161 0.019245
v 0.208264 -0.148018 -0.001544
v 0.207368 -0.149114 -0.022390
v 0.205047 -0.149579 -0.043624
v 0.223838 -0.168907 -0.047589
v 0.191444 -0.126078 -0.001487
v 0.190014 -0.127485 -0.020731
v 0.187664 -0.128221 -0.040181
v 0.182448 -0.128189 -0.059037
v 0.198892 -0.149714 -0.064554
v 0.175072 -0.104334 -0.019118
v 0.172805 -0.105072 -0.037080
v 0.169115 -0.104045 -0.054425
v 0.161802 -0.102999 -0.070649
v 0.175137 -0.126499 -0.076970
v 0.162556 -0.079208 -0.034679
v 0.158858 -0.078526 -0.050750
v 0.152435 -0.077394 -0.066272
v 0.144039 -0.076538 -0.080951
v 0.152477 -0.102314 -0.086019
v 0.150177 -0.052237 -0.047585
v 0.144162 -0.051333 -0.062371
v 0.137729 -0.050151 -0.077084
v 0.128328 -0.049861 -0.090125
v 0.135071 -0.075796 -0.095319
v 0.140374 -0.023851 -0.060363
v 0.134203 -0.023186 -0.074832
v 0.125627 -0.022838 -0.087999
v 0.115433 -0.022663 -0.100281
v 0.117796 -0.049749 -0.102572
v 0.133093 0.004067 -0.074029
v 0.124776 0.004235 -0.087217
v 0.114510 0.004416 -0.099342
v 0.104068 0.004572 -0.111273
v 0.104997 -0.022499 -0.112324
v 0.126726 0.031203 -0.088819
v 0.116619 0.031289 -0.101229
v 0.105633 0.031454 -0.112907
v 0.093541 0.031739 -0.123103
v 0.092407 0.004719 -0.121551
v 0.120195 0.057898 -0.104619
v 0.108758 0.058092 -0.116432
v 0.096517 0.058367 -0.127106
v 0.082517 0.059215 -0.135434
v 0.079817 0.032206 -0.131052
v 0.114227 0.084119 -0.122549
v 0.101421 0.084539 -0.133647
v 0.086943 0.085449 -0.142771
v 0.072223 0.085904 -0.151484
v 0.068340 0.059723 -0.143413
v 0.108634 0.109349 -0.143326
v 0.093403 0.110139 -0.153622
v 0.077589 0.110221 -0.163238
v 0.060787 0.109730 -0.170544
v 0.057044 0.085399 -0.159027
v 0.100735 0.133349 -0.166094
v 0.083542 0.133390 -0.176499
v 0.064842 0.133551 -0.183488
v 0.045955 0.132608 -0.189216
v 0.042813 0.109652 -0.174394
v 0.091212 0.153888 -0.192929
v 0.070632 0.154271 -0.201082
v 0.049995 0.153537 -0.207150
v 0.028919 0.153584 -0.210349
v 0.026555 0.132591 -0.192088
v 0.077291 0.173365 -0.219754
v 0.054724 0.172940 -0.226706
v 0.031577 0.173125 -0.230289
v 0.008333 0.172686 -0.232093
v 0.007670 0.153184 -0.212248
v 0.060420 0.188221 -0.248929
v 0.034818 0.188678 -0.253132
v 0.009057 0.188686 -0.255022
v -0.016639 0.188530 -0.254425
v -0.015069 0.172986 -0.231830
v 0.038495 0.200172 -0.278009
v 0.009938 0.200276 -0.280259
v -0.018422 0.199905 -0.279831
v -0.046579 0.199665 -0.276732
v -0.042598 0.188204 -0.251888
v 0.011025 0.207960 -0.306710
v -0.020054 0.208015 -0.306405
v -0.051022 0.208212 -0.303034
v -0.081440 0.208191 -0.296241
v -0.074686 0.199898 -0.270673
v -0.021576 0.208734 -0.334026
v -0.055525 0.208853 -0.330286
v -0.088799 0.208997 -0.322846
v -0.121148 0.209025 -0.312004
v -0.111531 0.208405 -0.286238
v -0.059942 0.203953 -0.356638
v -0.095849 0.204163 -0.348934
v -0.130718 0.203779 -0.337342
v -0.164271 0.204059 -0.322676
v -0.152178 0.209080 -0.298377
v -0.102491 0.193878 -0.373759
v -0.139736 0.193196 -0.361230
v -0.175940 0.194080 -0.345837
v -0.209868 0.193112 -0.326264
v -0.195982 0.203625 -0.304563
v -0.147858 0.178714 -0.383142
v -0.186200 0.179538 -0.366877
v -0.222384 0.178418 -0.346243
v -0.256366 0.179337 -0.322975
v -0.241658 0.194105 -0.304218
v -0.195393 0.161174 -0.385820
v -0.233150 0.159837 -0.363742
v -0.269327 0.160510 -0.339433
v -0.300913 0.159742 -0.309499
v -0.286649 0.178465 -0.294809
v -0.242791 0.139150 -0.379580
v -0.280804 0.140155 -0.354286
v -0.313845 0.139179 -0.322868
v -0.345400 0.140119 -0.290003
v -0.331115 0.160660 -0.278000
v -0.291031 0.117155 -0.367012
v -0.324879 0.116392 -0.334165
v -0.357798 0.117278 -0.300465
v -0.385584 0.116888 -0.262447
v -0.372310 0.139707 -0.253362
v -0.334008 0.091834 -0.343643
v -0.367961 0.092843 -0.309162
v -0.396433 0.092308 -0.269862
v -0.421919 0.092321 -0.228662
v -0.410483 0.116860 -0.222460
v -0.374938 0.066263 -0.315102
v -0.403876 0.065901 -0.274954
v -0.430012 0.065885 -0.233021
v -0.451400 0.065809 -0.188327
v -0.443104 0.092298 -0.184721
v -0.409282 0.038742 -0.278713
v -0.435831 0.038653 -0.236234
v -0.457488 0.038612 -0.190869
v -0.474240 0.038687 -0.143668
v -0.467961 0.065777 -0.141726
v -0.438242 0.010925 -0.237531
v -0.459961 0.010880 -0.191894
v -0.476560 0.010904 -0.144376
v -0.488738 0.011000 -0.095448
v -0.486332 0.038770 -0.094870
v -0.459388 -0.017123 -0.191715
v -0.475972 -0.017076 -0.144273
v -0.488291 -0.017097 -0.095474
v -0.493764 -0.016886 -0.045554
v -0.494150 0.011008 -0.045503
v -0.472888 -0.044931 -0.143476
v -0.485302 -0.045065 -0.094933
v -0.490818 -0.044527 -0.045307
v -0.495654 -0.044792 0.004699
v -0.498085 -0.016893 0.004645
v -0.478060 -0.071923 -0.093611
v -0.483475 -0.071341 -0.044670
v -0.487390 -0.071805 0.004447
v -0.482571 -0.070937 0.053286
v -0.489935 -0.044188 0.054133
v -0.473284 -0.097129 -0.043681
v -0.476915 -0.097935 0.004358
v -0.472565 -0.096728 0.052198
v -0.467103 -0.097412 0.100094
v -0.477206 -0.071381 0.102268
v -0.463855 -0.122296 0.004336
v -0.459422 -0.121044 0.050834
v -0.454237 -0.121676 0.097326
v -0.440754 -0.121104 0.142428
v -0.453358 -0.096712 0.146604
v -0.442426 -0.142836 0.049145
v -0.437072 -0.143698 0.093857
v -0.424774 -0.143083 0.137176
v -0.409496 -0.143587 0.179742
v -0.425071 -0.121622 0.186651
v -0.418451 -0.164133 0.089968
v -0.406705 -0.163571 0.131291
v -0.392251 -0.163957 0.172037
v -0.372358 -0.163781 0.210480
v -0.388526 -0.143385 0.220013
v -0.386190 -0.181136 0.124641
v -0.372323 -0.181341 0.163334
v -0.353778 -0.181188 0.199620
v -0.331204 -0.181763 0.234093
v -0.348781 -0.164646 0.246798
v -0.350158 -0.195410 0.153677
v -0.332988 -0.195226 0.187764
v -0.311910 -0.195523 0.220328
v -0.287847 -0.195681 0.250666
v -0.305588 -0.181786 0.266379
v -0.310330 -0.205358 0.175279
v -0.290893 -0.205488 0.205561
v -0.268597 -0.205650 0.233727
v -0.243661 -0.205377 0.259370
v -0.261016 -0.195428 0.278327
v -0.268267 -0.208175 0.189833
v -0.247687 -0.208168 0.215697
v -0.224767 -0.208308 0.239183
v -0.199956 -0.208566 0.260426
v -0.216763 -0.205864 0.282533
v -0.226675 -0.205766 0.197451
v -0.205726 -0.205749 0.218885
v -0.183161 -0.205059 0.238369
v -0.158970 -0.205367 0.255462
v -0.173367 -0.208527 0.279173
v -0.187664 -0.196729 0.199208
v -0.166836 -0.196582 0.216735
v -0.144897 -0.196076 0.232800
v -0.121843 -0.196370 0.246977
v -0.133070 -0.205560 0.270675
v -0.151639 -0.184371 0.196657
v -0.131414 -0.183746 0.211396
v -0.110584 -0.183617 0.224407
v -0.088355 -0.184651 0.234882
v -0.096462 -0.196531 0.258428
v -0.118904 -0.168105 0.191511
v -0.100404 -0.167011 0.204094
v -0.080156 -0.168424 0.213341
v -0.058679 -0.168782 0.220997
v -0.063713 -0.184148 0.243058
v -0.091830 -0.146926 0.186386
v -0.073158 -0.148062 0.194873
v -0.054053 -0.148673 0.202138
v -0.033181 -0.148612 0.206126
v -0.035270 -0.168222 0.225064
v -0.066744 -0.126041 0.177935
v -0.049253 -0.126608 0.184764
v -0.030762 -0.127070 0.189033
v -0.011047 -0.126572 0.191099
v -0.011516 -0.147925 0.207682
v -0.045048 -0.102425 0.170617
v -0.028112 -0.103568 0.174385
v -0.010308 -0.103881 0.176454
v 0.008037 -0.103474 0.176649
v 0.008768 -0.126002 0.191145
v -0.025619 -0.077678 0.163881
v -0.009069 -0.078607 0.165710
v 0.007906 -0.078526 0.166632
v 0.024905 -0.078475 0.164472
v 0.026257 -0.103453 0.174427
v -0.007715 -0.051942 0.157989
v 0.008057 -0.052404 0.158568
v 0.023997 -0.052694 0.155938
v 0.039938 -0.052598 0.152738
v 0.041659 -0.078316 0.161033
v 0.008874 -0.025004 0.153941
v 0.024116 -0.025439 0.151584
v 0.039433 -0.025482 0.148877
v 0.054550 -0.025512 0.144726
v 0.055553 -0.052423 0.148539
v 0.024861 0.002891 0.150419
v 0.039661 0.002540 0.147638
v 0.054181 0.002275 0.142522
v 0.068411 0.001905 0.136579
v 0.068697 -0.025807 0.137830
v 0.040855 0.030684 0.150109
v 0.055390 0.030154 0.144840
v 0.069173 0.029817 0.137585
v 0.082786 0.029452 0.129979
v 0.081631 0.001581 0.128467
v 0.057366 0.057643 0.149108
v 0.071379 0.057511 0.141386
v 0.085207 0.057064 0.133464
v 0.098544 0.056445 0.124880
v 0.095951 0.029113 0.121684
v 0.076007 0.083909 0.149689
v 0.090097 0.083608 0.140861
v 0.103723 0.082940 0.131313
v 0.115498 0.082992 0.119278
v 0.109699 0.056602 0.113429
v 0.096838 0.109038 0.150983
v 0.111274 0.108124 0.140563
v 0.123955 0.108143 0.127849
v 0.136268 0.108130 0.114575
v 0.127049 0.083013 0.106771
v 0.120478 0.131994 0.151968
v 0.133882 0.132183 0.138055
v 0.146897 0.132415 0.123567
v 0.159679 0.132411 0.108839
v 0.148147 0.108019 0.100994
v 0.147122 0.153063 0.151479
v 0.161287 0.153319 0.135780
v 0.174918 0.153565 0.119492
v 0.186940 0.153952 0.101818
v 0.171089 0.132460 0.093440
v 0.176889 0.172392 0.149058
v 0.190874 0.173537 0.130656
v 0.204086 0.173894 0.110883
v 0.215105 0.172757 0.089896
v 0.196246 0.153768 0.082523
v 0.209512 0.189532 0.143596
v 0.224211 0.189045 0.121854
v 0.236093 0.188430 0.098422
v 0.244404 0.188404 0.074236
v 0.221922 0.173698 0.067730
v 0.246270 0.199804 0.134073
v 0.259220 0.200041 0.108276
v 0.268709 0.199935 0.081484
v 0.275407 0.199668 0.053765
v 0.250562 0.188391 0.049001
v 0.283458 0.208431 0.118828
v 0.294064 0.208384 0.089176
v 0.301443 0.208157 0.059020
v 0.305573 0.208319 0.028171
v 0.279037 0.199974 0.025525
v 0.320418 0.209165 0.097475
v 0.328478 0.209094 0.064460
v 0.333043 0.209034 0.030722
v 0.334456 0.209050 -0.003301
v 0.306869 0.208339 -0.002981
v 0.354968 0.204086 0.069799
v 0.359795 0.203852 0.033205
v 0.361432 0.204379 -0.003579
v 0.359118 0.203810 -0.040310
v 0.332539 0.209103 -0.037344
v 0.384904 0.193106 0.035434
v 0.387126 0.194173 -0.003799
v 0.384329 0.192998 -0.042924
v 0.378513 0.193897 -0.082085
v 0.353568 0.204344 -0.076895
v 0.410537 0.179147 -0.003981
v 0.407348 0.178307 -0.045322
v 0.401332 0.179537 -0.086862
v 0.390098 0.178790 -0.127508
v 0.367861 0.193225 -0.120415
v 0.427503 0.159567 -0.047682
v 0.421658 0.161261 -0.091216
v 0.409596 0.160457 -0.133653
v 0.394838 0.160687 -0.175127
v 0.375752 0.179153 -0.166887
v 0.439783 0.140657 -0.095159
v 0.427212 0.139832 -0.139155
v 0.411994 0.140153 -0.182300
v 0.391045 0.139404 -0.222870
v 0.374559 0.159883 -0.213762
v 0.442412 0.116989 -0.143951
v 0.426762 0.117205 -0.188502
v 0.404995 0.116497 -0.230551
v 0.380028 0.116380 -0.270478
v 0.366883 0.139277 -0.261288
v 0.438933 0.092799 -0.193742
v 0.416470 0.092069 -0.236925
v 0.390669 0.091971 -0.278031
v 0.360281 0.091939 -0.316356
v 0.350444 0.116306 -0.307604
v 0.424427 0.065704 -0.241367
v 0.398077 0.065635 -0.283305
v 0.367124 0.065607 -0.322253
v 0.332069 0.065533 -0.357337
v 0.325945 0.091851 -0.350731
v 0.403360 0.038513 -0.287033
v 0.371911 0.038489 -0.326417
v 0.336526 0.038466 -0.362070
v 0.299276 0.038796 -0.395997
v 0.295149 0.066198 -0.390526
v 0.373967 0.010848 -0.328154
v 0.338303 0.010824 -0.363858
v 0.300806 0.011017 -0.397823
v 0.258196 0.010883 -0.424542
v 0.256739 0.038614 -0.422362
v 0.338009 -0.017027 -0.363415
v 0.300623 -0.017163 -0.397324
v 0.258087 -0.017013 -0.424034
v 0.214984 -0.017248 -0.450163
v 0.215088 0.011136 -0.450980
v 0.298885 -0.045127 -0.394934
v 0.256550 -0.044696 -0.421216
v 0.214141 -0.045474 -0.447504
v 0.166859 -0.044794 -0.464336
v 0.167713 -0.017087 -0.467287
v 0.252834 -0.071582 -0.414833
v 0.210652 -0.072288 -0.440229
v 0.164446 -0.071661 -0.457339
v 0.118053 -0.072247 -0.473614
v 0.119844 -0.045439 -0.481149
v 0.206147 -0.098379 -0.430536
v 0.161019 -0.097540 -0.447662
v 0.115369 -0.098508 -0.463153
v 0.067804 -0.097067 -0.470147
v 0.069220 -0.071220 -0.480428
v 0.156612 -0.122068 -0.435274
v 0.112296 -0.122984 -0.450316
v 0.065894 -0.121610 -0.457185
v 0.019355 -0.121319 -0.462287
v 0.019936 -0.096953 -0.475456
v 0.107882 -0.144856 -0.433005
v 0.063326 -0.143509 -0.440281
v 0.018473 -0.143174 -0.445087
v -0.026605 -0.142820 -0.444583
v -0.027815 -0.120938 -0.461681
v 0.060566 -0.163898 -0.421655
v 0.017627 -0.163600 -0.426338
v -0.025239 -0.163407 -0.425914
v -0.068040 -0.164055 -0.420801
v -0.071287 -0.143524 -0.439386
v 0.016713 -0.181307 -0.404850
v -0.023720 -0.181120 -0.404496
v -0.064517 -0.181474 -0.399758
v -0.105219 -0.182291 -0.391831
v -0.110707 -0.165005 -0.412852
v -0.022325 -0.195420 -0.380683
v -0.060880 -0.195516 -0.376639
v -0.099156 -0.195948 -0.368768
v -0.136162 -0.195171 -0.356987
v -0.144568 -0.181330 -0.379467
v -0.057034 -0.205227 -0.351350
v -0.092523 -0.205376 -0.344221
v -0.126626 -0.205053 -0.332775
v -0.159151 -0.205840 -0.318628
v -0.170997 -0.195669 -0.341772
v -0.085004 -0.208123 -0.317557
v -0.116237 -0.208236 -0.307047
v -0.146613 -0.208270 -0.293893
v -0.175826 -0.208204 -0.277791
v -0.190578 -0.205185 -0.300782
v -0.106069 -0.206503 -0.281293
v -0.133991 -0.207048 -0.269159
v -0.160754 -0.205903 -0.254558
v -0.185868 -0.206168 -0.236835
v -0.203104 -0.208161 -0.258554
v -0.121950 -0.196675 -0.246015
v -0.146663 -0.196772 -0.232644
v -0.169817 -0.196869 -0.216335
v -0.190409 -0.197379 -0.198028
v -0.208575 -0.206664 -0.216729
v -0.133785 -0.184540 -0.211568
v -0.154765 -0.184275 -0.196990
v -0.173195 -0.184683 -0.180140
v -0.190667 -0.184543 -0.162063
v -0.209629 -0.197122 -0.177734
v -0.140797 -0.167983 -0.179122
v -0.157509 -0.168189 -0.163724
v -0.173488 -0.168240 -0.147534
v -0.187845 -0.168529 -0.129385
v -0.206227 -0.184728 -0.141892
v -0.144105 -0.147913 -0.149776
v -0.158922 -0.147978 -0.135018
v -0.172020 -0.148599 -0.118475
v -0.183738 -0.149136 -0.100467
v -0.200594 -0.169117 -0.109550
v -0.145772 -0.126295 -0.123677
v -0.157887 -0.126995 -0.108600
v -0.168624 -0.127581 -0.092298
v -0.176866 -0.127533 -0.074671
v -0.192878 -0.148911 -0.081193
v -0.146008 -0.103627 -0.100053
v -0.155951 -0.104132 -0.085236
v -0.163129 -0.104549 -0.068853
v -0.169226 -0.103640 -0.051846
v -0.182910 -0.126900 -0.055895
v -0.146643 -0.078830 -0.079888
v -0.153511 -0.078811 -0.064691
v -0.159328 -0.078010 -0.048962
v -0.163361 -0.077342 -0.032632
v -0.173503 -0.102741 -0.034541
v -0.145595 -0.052477 -0.061295
v -0.151942 -0.051582 -0.046816
v -0.155066 -0.051341 -0.031106
v -0.157681 -0.051066 -0.015026
v -0.165786 -0.077039 -0.015843
v -0.148312 -0.024458 -0.045733
v -0.151156 -0.024347 -0.030338
v -0.153020 -0.024380 -0.014588
v -0.154542 -0.024476 0.001079
v -0.159305 -0.050936 0.001128
v -0.150075 0.003059 -0.030054
v -0.152740 0.002977 -0.014571
v -0.154919 0.002814 0.000964
v -0.152902 0.003059 0.016294
v -0.153217 -0.024653 0.016791
v -0.153977 0.030568 -0.014681
v -0.156264 0.030487 0.000937
v -0.154625 0.030735 0.016433
v -0.152101 0.031043 0.031832
v -0.150125 0.003599 0.031334
v -0.160150 0.057404 0.001084
v -0.158627 0.057838 0.017145
v -0.156521 0.058063 0.033139
v -0.152767 0.058228 0.048789
v -0.147781 0.031389 0.046856
v -0.166506 0.084034 0.018205
v -0.164231 0.084326 0.035099
v -0.161370 0.083932 0.051828
v -0.154719 0.084209 0.067555
v -0.147449 0.058281 0.064124
v -0.175607 0.109197 0.037807
v -0.172045 0.108546 0.055579
v -0.165178 0.108709 0.072423
v -0.156492 0.109187 0.088658
v -0.146146 0.084677 0.082579
v -0.185006 0.132355 0.060027
v -0.178407 0.131975 0.078450
v -0.169378 0.132418 0.095849
v -0.158787 0.132496 0.112544
v -0.147066 0.108906 0.104294
v -0.194934 0.153238 0.085768
v -0.185228 0.153599 0.104806
v -0.173511 0.153683 0.123030
v -0.159888 0.153339 0.139749
v -0.146435 0.132146 0.127886
v -0.202423 0.173177 0.114619
v -0.189402 0.173156 0.134573
v -0.174673 0.172976 0.153029
v -0.158290 0.172959 0.169399
v -0.144816 0.153232 0.154880
v -0.208199 0.188347 0.148044
v -0.192015 0.188590 0.168353
v -0.174040 0.188434 0.186605
v -0.154588 0.188244 0.203046
v -0.140723 0.172848 0.184713
v -0.211278 0.200315 0.184902
v -0.191457 0.199814 0.205427
v -0.170057 0.199702 0.223560
v -0.146672 0.200097 0.239530
v -0.133390 0.188482 0.217879
v -0.209564 0.208575 0.224740
v -0.186193 0.208455 0.244661
v -0.160581 0.208619 0.262465
v -0.133135 0.208540 0.277428
v -0.121966 0.200098 0.253698
v -0.202999 0.209066 0.266821
v -0.174897 0.209103 0.285775
v -0.144903 0.209174 0.302272
v -0.113261 0.209129 0.315914
v -0.103649 0.208317 0.289867
v -0.188969 0.203909 0.308884
v -0.156689 0.204218 0.326522
v -0.122432 0.203744 0.340901
v -0.086899 0.204364 0.351747
v -0.080513 0.209060 0.325585
v -0.167717 0.193881 0.349639
v -0.131042 0.193313 0.364617
v -0.093200 0.194532 0.376467
v -0.054263 0.193120 0.383060
v -0.050582 0.203877 0.357853
v -0.138932 0.178707 0.386509
v -0.099009 0.179726 0.399102
v -0.057885 0.178526 0.406087
v -0.016679 0.178592 0.410202
v -0.015456 0.193265 0.386515
v -0.104269 0.161094 0.419313
v -0.061195 0.159699 0.426015
v -0.017998 0.159927 0.430840
v 0.025507 0.159411 0.429762
v 0.024418 0.178283 0.409570
v -0.064160 0.139010 0.444549
v -0.019000 0.139146 0.449171
v 0.026607 0.139001 0.448356
v 0.071800 0.139310 0.443410
v 0.068950 0.159988 0.425150
v -0.019778 0.116399 0.465191
v 0.027516 0.116260 0.464316
v 0.074301 0.116481 0.459260
v 0.120665 0.117095 0.450948
v 0.116566 0.139857 0.435009
v 0.028208 0.091783 0.477393
v 0.076349 0.091980 0.472294
v 0.124105 0.092627 0.463831
v 0.169930 0.091706 0.447813
v 0.165352 0.116168 0.435703
v 0.077758 0.065678 0.481510
v 0.126484 0.066076 0.472870
v 0.173095 0.065455 0.456278
v 0.219349 0.066001 0.437871
v 0.215574 0.092703 0.429683
v 0.128321 0.038784 0.479488
v 0.175396 0.038451 0.462524
v 0.222389 0.038780 0.444237
v 0.264704 0.038392 0.417464
v 0.261375 0.065437 0.411830
v 0.176119 0.010764 0.464874
v 0.223291 0.010911 0.446545
v 0.265965 0.010764 0.419776
v 0.308656 0.011241 0.392829
v 0.307106 0.038932 0.390802
v 0.222796 -0.017295 0.446044
v 0.265593 -0.016959 0.419448
v 0.308100 -0.016900 0.392228
v 0.344444 -0.016528 0.357163
v 0.344826 0.011223 0.357374
v 0.263895 -0.044576 0.416828
v 0.306490 -0.044938 0.390248
v 0.342188 -0.044139 0.355035
v 0.377644 -0.044464 0.319698
v 0.380079 -0.016621 0.321513
v 0.301242 -0.071826 0.383858
v 0.336982 -0.070891 0.349819
v 0.371753 -0.071289 0.314787
v 0.401206 -0.071020 0.274931
v 0.407439 -0.044273 0.279087
v 0.329977 -0.096705 0.342696
v 0.363790 -0.097317 0.308267
v 0.392726 -0.096888 0.269253
v 0.418473 -0.097060 0.228334
v 0.427555 -0.071119 0.233131
v 0.353676 -0.121740 0.299949
v 0.381752 -0.121286 0.261867
v 0.406758 -0.121453 0.222100
v 0.427137 -0.121197 0.179514
v 0.439423 -0.096886 0.184592
v 0.367555 -0.143164 0.252271
v 0.391570 -0.143392 0.213853
v 0.411307 -0.143072 0.173002
v 0.426468 -0.142968 0.130296
v 0.442768 -0.121029 0.135195
v 0.375015 -0.163727 0.204818
v 0.393958 -0.163377 0.165857
v 0.408531 -0.163483 0.125062
v 0.418630 -0.164065 0.083143
v 0.437276 -0.143643 0.086467
v 0.374051 -0.180977 0.157774
v 0.387732 -0.181001 0.119116
v 0.397408 -0.181497 0.079288
v 0.402647 -0.180960 0.038338
v 0.423773 -0.163437 0.040110
v 0.364823 -0.195077 0.112427
v 0.374047 -0.195529 0.074897
v 0.379245 -0.195041 0.036326
v 0.381155 -0.195892 -0.002556
v 0.404851 -0.181795 -0.002872
v 0.348900 -0.205283 0.070069
v 0.353916 -0.205096 0.034117
v 0.355662 -0.205743 -0.002270
v 0.353534 -0.204985 -0.038857
v 0.378814 -0.195025 -0.041645
v 0.326971 -0.208135 0.031720
v 0.328501 -0.208151 -0.001906
v 0.326812 -0.208169 -0.035868
v 0.321565 -0.208227 -0.069333
v 0.348333 -0.205593 -0.075105
v 0.301170 -0.206034 -0.001533
v 0.299800 -0.206287 -0.032713
v 0.294912 -0.205762 -0.063501
v 0.286690 -0.206001 -0.093255
v 0.312792 -0.208240 -0.101818
v 0.274090 -0.196900 -0.029932
v 0.269517 -0.196576 -0.057835
v 0.261888 -0.196904 -0.085234
v 0.251439 -0.196634 -0.111688
v 0.275162 -0.205918 -0.122014
v 0.245610 -0.184306 -0.052506
v 0.238457 -0.184763 -0.077672
v 0.228892 -0.184132 -0.101813
v 0.216399 -0.184011 -0.123582
v 0.238087 -0.196685 -0.136163
v 0.217225 -0.169219 -0.070596
v 0.208182 -0.168324 -0.092408
v 0.196613 -0.167774 -0.111964
v 0.183949 -0.167442 -0.130761
v 0.202692 -0.183730 -0.144160
v 0.190603 -0.148392 -0.084221
v 0.179928 -0.147576 -0.102195
v 0.167958 -0.147412 -0.119207
v 0.155562 -0.146903 -0.135519
v 0.170827 -0.166432 -0.148793
v 0.165206 -0.125643 -0.093522
v 0.154041 -0.125309 -0.109200
v 0.142658 -0.124747 -0.124501
v 0.129905 -0.124826 -0.138679
v 0.141444 -0.147213 -0.150470
v 0.142851 -0.101427 -0.101135
v 0.131906 -0.101178 -0.115099
v 0.119378 -0.101695 -0.127841
v 0.106442 -0.101972 -0.140167
v 0.115119 -0.125889 -0.151019
v 0.124302 -0.075653 -0.108431
v 0.112505 -0.075855 -0.120596
v 0.100346 -0.075982 -0.132142
v 0.086776 -0.076197 -0.141576
v 0.092199 -0.102066 -0.150191
v 0.106953 -0.049662 -0.114724
v 0.095203 -0.049658 -0.125296
v 0.081957 -0.049920 -0.133991
v 0.068377 -0.049861 -0.142105
v 0.071676 -0.076494 -0.148662
v 0.093379 -0.022435 -0.122893
v 0.080099 -0.022498 -0.131225
v 0.066674 -0.022507 -0.139091
v 0.052137 -0.022674 -0.144640
v 0.053273 -0.050220 -0.147016
v 0.078972 0.004892 -0.129532
v 0.065438 0.004937 -0.137131
v 0.051611 0.004908 -0.143588
v 0.036599 0.004807 -0.146805
v 0.037077 -0.022878 -0.148731
v 0.066084 0.032489 -0.138732
v 0.052367 0.032359 -0.145974
v 0.037290 0.032271 -0.149881
v 0.021648 0.032102 -0.152575
v 0.021332 0.004598 -0.149552
v 0.054068 0.059428 -0.150734
v 0.038518 0.059180 -0.155099
v 0.022199 0.059159 -0.157356
v 0.005903 0.058938 -0.159757
v 0.005970 0.031877 -0.155013
v 0.040230 0.085302 -0.162447
v 0.023127 0.084975 -0.165446
v 0.006057 0.084648 -0.168156
v -0.011092 0.085216 -0.167777
v -0.010292 0.059294 -0.159421
v 0.024604 0.109524 -0.177177
v 0.006415 0.109024 -0.179816
v -0.011975 0.109576 -0.179921
v -0.030318 0.110255 -0.178066
v -0.028126 0.085641 -0.165813
v 0.006928 0.132350 -0.194107
v -0.012836 0.132893 -0.194279
v -0.032791 0.133584 -0.192494
v -0.052107 0.133455 -0.188091
v -0.048028 0.110031 -0.174150
v -0.013854 0.153895 -0.212077
v -0.035844 0.154420 -0.210357
v -0.057385 0.154195 -0.205569
v -0.077598 0.153502 -0.198015
v -0.070778 0.132877 -0.181178
v -0.039098 0.173254 -0.229696
v -0.062855 0.173595 -0.224388
v -0.084880 0.173296 -0.216154
v -0.106080 0.172600 -0.206425
v -0.097255 0.153001 -0.189135
v -0.068607 0.188979 -0.246278
v -0.093139 0.189885 -0.237302
v -0.116295 0.189031 -0.226379
v -0.138809 0.187478 -0.214346
v -0.126353 0.172938 -0.194490
v -0.102248 0.200536 -0.261382
v -0.127814 0.200015 -0.249409
v -0.152146 0.199345 -0.235708
v -0.174888 0.200390 -0.219295
v -0.159499 0.188626 -0.199137
v -0.139830 0.208102 -0.273455
v -0.166369 0.208044 -0.258215
v -0.191294 0.208613 -0.240341
v -0.214690 0.208670 -0.219540
v -0.196185 0.200704 -0.200412
v -0.181430 0.209073 -0.281803
v -0.208574 0.209102 -0.262116
v -0.233685 0.209099 -0.239667
v -0.256974 0.209117 -0.215360
v -0.235824 0.208616 -0.197038
v -0.225544 0.204303 -0.283663
v -0.252572 0.203907 -0.259503
v -0.277631 0.204331 -0.233029
v -0.299754 0.203909 -0.203730
v -0.277581 0.209113 -0.188674
v -0.270366 0.193280 -0.277964
v -0.297258 0.194097 -0.249694
v -0.320791 0.193502 -0.217992
v -0.341585 0.193501 -0.184422
v -0.318912 0.204022 -0.172198
v -0.315178 0.179314 -0.264764
v -0.340040 0.178978 -0.231164
v -0.362286 0.178778 -0.195815
v -0.380248 0.178585 -0.158457
v -0.358328 0.193172 -0.149473
v -0.356886 0.160379 -0.242762
v -0.380189 0.160154 -0.205732
v -0.399268 0.159957 -0.166185
v -0.413590 0.160232 -0.124854
v -0.393800 0.178883 -0.119103
v -0.396512 0.139755 -0.214804
v -0.416483 0.139643 -0.173343
v -0.431513 0.139616 -0.130254
v -0.442268 0.139803 -0.086244
v -0.423724 0.160408 -0.082655
v -0.431031 0.116768 -0.179540
v -0.446744 0.116617 -0.135016
v -0.457987 0.116840 -0.089258
v -0.463139 0.116654 -0.042458
v -0.447179 0.139326 -0.041075
v -0.459312 0.092139 -0.139042
v -0.471171 0.092531 -0.091774
v -0.475845 0.091990 -0.043621
v -0.479223 0.092938 0.004528
v -0.467095 0.117932 0.004499
v -0.480024 0.066032 -0.093566
v -0.485458 0.065885 -0.044535
v -0.489402 0.066613 0.004542
v -0.484305 0.065984 0.053572
v -0.475432 0.092261 0.052569
v -0.491857 0.038727 -0.045177
v -0.496349 0.039059 0.004745
v -0.490809 0.038917 0.054307
v -0.485272 0.039378 0.103899
v -0.478783 0.066677 0.102621
v -0.498510 0.011337 0.004698
v -0.493210 0.011229 0.054562
v -0.487775 0.011521 0.104468
v -0.473479 0.011422 0.152959
v -0.471051 0.039085 0.152186
v -0.492800 -0.016581 0.054495
v -0.487410 -0.016629 0.104409
v -0.473040 -0.016388 0.152855
v -0.456296 -0.016557 0.200335
v -0.456833 0.011446 0.200543
v -0.484524 -0.044551 0.103775
v -0.470066 -0.044067 0.151967
v -0.453376 -0.044258 0.199053
v -0.430182 -0.044310 0.243583
v -0.432922 -0.016616 0.245060
v -0.463035 -0.070861 0.149754
v -0.446517 -0.071216 0.196123
v -0.423648 -0.071129 0.240055
v -0.397483 -0.071473 0.281660
v -0.403665 -0.044611 0.285913
v -0.437107 -0.097254 0.191988
v -0.414707 -0.097007 0.235139
v -0.388897 -0.097506 0.275652
v -0.359233 -0.097512 0.313097
v -0.367106 -0.071469 0.320056
v -0.403172 -0.121344 0.228584
v -0.378033 -0.122119 0.267895
v -0.349173 -0.122115 0.304346
v -0.316769 -0.121309 0.337722
v -0.325719 -0.096840 0.347309
v -0.363961 -0.144142 0.257807
v -0.336086 -0.144131 0.293005
v -0.305005 -0.143306 0.325338
v -0.271693 -0.144000 0.355359
v -0.282223 -0.121976 0.369513
v -0.321878 -0.164610 0.280671
v -0.291994 -0.163738 0.311672
v -0.260223 -0.164528 0.340148
v -0.224408 -0.163625 0.363662
v -0.234118 -0.143207 0.379886
v -0.277200 -0.181247 0.295898
v -0.246877 -0.181911 0.322424
v -0.213225 -0.181107 0.345233
v -0.177902 -0.181694 0.365619
v -0.187152 -0.164408 0.385661
v -0.232273 -0.196056 0.303173
v -0.200670 -0.195290 0.324749
v -0.167458 -0.195885 0.343759
v -0.131756 -0.195127 0.358621
v -0.139695 -0.181237 0.380918
v -0.187355 -0.205166 0.302687
v -0.156179 -0.205505 0.320278
v -0.122976 -0.204927 0.334459
v -0.088346 -0.205693 0.345303
v -0.094508 -0.195963 0.370198
v -0.144522 -0.208328 0.295487
v -0.113610 -0.208151 0.308805
v -0.081594 -0.208160 0.318542
v -0.048709 -0.208191 0.324443
v -0.052635 -0.205268 0.351468
v -0.104527 -0.205031 0.283149
v -0.074820 -0.205388 0.291777
v -0.044744 -0.206197 0.296959
v -0.014219 -0.205880 0.299640
v -0.015433 -0.208127 0.327192
v -0.068785 -0.196048 0.266540
v -0.040971 -0.196478 0.271165
v -0.013128 -0.196338 0.273648
v 0.014722 -0.196471 0.273366
v 0.016272 -0.205758 0.299633
v -0.037833 -0.184103 0.246921
v -0.012277 -0.184021 0.248780
v 0.013023 -0.183503 0.248776
v 0.038076 -0.183409 0.246086
v 0.042166 -0.196535 0.270491
v -0.011802 -0.167572 0.226772
v 0.011266 -0.167404 0.226330
v 0.034279 -0.167102 0.223801
v 0.056725 -0.166743 0.219344
v 0.062610 -0.183080 0.241226
v 0.009783 -0.147880 0.207126
v 0.031049 -0.147523 0.204822
v 0.051980 -0.146597 0.201273
v 0.072027 -0.146867 0.194816
v 0.078497 -0.167047 0.212457
v 0.028307 -0.126321 0.188303
v 0.047697 -0.125687 0.184905
v 0.066134 -0.126008 0.178725
v 0.083768 -0.127227 0.170286
v 0.091269 -0.148094 0.186123
v 0.044182 -0.102848 0.171337
v 0.061457 -0.103111 0.165490
v 0.078217 -0.103605 0.158460
v 0.094256 -0.104373 0.149772
v 0.101391 -0.127818 0.161224
v 0.058074 -0.078261 0.155928
v 0.073850 -0.078614 0.149234
v 0.088694 -0.079323 0.140733
v 0.102961 -0.079590 0.131539
v 0.109508 -0.104440 0.139987
v 0.070073 -0.052952 0.141274
v 0.084277 -0.053452 0.133364
v 0.098045 -0.053570 0.125073
v 0.109798 -0.054008 0.114011
v 0.115327 -0.080119 0.119775
v 0.082437 -0.026146 0.130076
v 0.095728 -0.026420 0.121805
v 0.106996 -0.026677 0.111018
v 0.117723 -0.026357 0.099731
v 0.120924 -0.053718 0.102333
v 0.094593 0.001295 0.120133
v 0.105450 0.001160 0.109358
v 0.115952 0.001455 0.098200
v 0.125889 0.001898 0.086493
v 0.127325 -0.025646 0.087428
v 0.107149 0.029084 0.110896
v 0.117752 0.029187 0.099385
v 0.128157 0.029356 0.087702
v 0.135661 0.029899 0.073857
v 0.132455 0.002515 0.072529
v 0.120499 0.056751 0.101375
v 0.131200 0.056744 0.089271
v 0.139904 0.057165 0.075978
v 0.146260 0.058122 0.061223
v 0.141924 0.030601 0.059379
v 0.138380 0.082896 0.094207
v 0.147122 0.083629 0.080078
v 0.153818 0.084878 0.064715
v 0.160209 0.085389 0.048919
v 0.152291 0.058771 0.046306
v 0.158004 0.108619 0.086242
v 0.165313 0.109863 0.069997
v 0.171925 0.110002 0.052778
v 0.176952 0.110002 0.035006
v 0.164974 0.085588 0.032551
v 0.178852 0.133362 0.075735
v 0.185745 0.133131 0.056970
v 0.190822 0.133242 0.037906
v 0.192185 0.134302 0.017941
v 0.179277 0.110414 0.016643
v 0.203128 0.153890 0.062108
v 0.207884 0.154490 0.041166
v 0.211146 0.154138 0.019625
v 0.211987 0.154208 -0.002211
v 0.193002 0.134480 -0.002016
v 0.227246 0.173994 0.044730
v 0.230541 0.173577 0.021195
v 0.232217 0.172526 -0.002336
v 0.230594 0.174162 -0.025943
v 0.211385 0.154525 -0.024058
v 0.253739 0.188329 0.023150
v 0.255051 0.188003 -0.002518
v 0.253725 0.188591 -0.028392
v 0.250169 0.188637 -0.054679
v 0.227226 0.174379 -0.049826
v 0.280446 0.199899 -0.002693
v 0.278794 0.199986 -0.031128
v 0.274630 0.199760 -0.059833
v 0.266870 0.200271 -0.087822
v 0.242825 0.189013 -0.080134
v 0.305223 0.208486 -0.034125
v 0.300335 0.208394 -0.065318
v 0.292064 0.208406 -0.095845
v 0.280640 0.208451 -0.125194
v 0.256452 0.200027 -0.114621
v 0.327195 0.209173 -0.071215
v 0.318224 0.209204 -0.104288
v 0.305869 0.209199 -0.136212
v 0.290528 0.209199 -0.166666
v 0.266395 0.208553 -0.152999
v 0.343749 0.203749 -0.112609
v 0.330527 0.204015 -0.147039
v 0.313854 0.203856 -0.179722
v 0.294204 0.203931 -0.210839
v 0.272110 0.209165 -0.195143
v 0.354108 0.193642 -0.157408
v 0.336141 0.193213 -0.192215
v 0.315206 0.193521 -0.225450
v 0.291383 0.193356 -0.256072
v 0.271805 0.203886 -0.239249
v 0.356468 0.178415 -0.203662
v 0.334589 0.178572 -0.238889
v 0.309310 0.178621 -0.271499
v 0.279951 0.178557 -0.301080
v 0.263911 0.193134 -0.284005
v 0.351509 0.159877 -0.250638
v 0.324670 0.159771 -0.284942
v 0.293807 0.159822 -0.315964
v 0.260917 0.160549 -0.345065
v 0.248511 0.179081 -0.328360
v 0.338531 0.139085 -0.297066
v 0.306317 0.139118 -0.329422
v 0.272026 0.140129 -0.359904
v 0.233546 0.139391 -0.384662
v 0.224000 0.159953 -0.368605
v 0.317045 0.116314 -0.341055
v 0.281788 0.117291 -0.372837
v 0.241722 0.116644 -0.398195
v 0.200967 0.117654 -0.421917
v 0.193935 0.140674 -0.407100
v 0.289678 0.092943 -0.383383
v 0.248530 0.092140 -0.409298
v 0.206822 0.093361 -0.434037
v 0.161448 0.092003 -0.450790
v 0.156919 0.116540 -0.438431
v 0.253291 0.065755 -0.416911
v 0.210910 0.066384 -0.442213
v 0.164594 0.065635 -0.459301
v 0.117812 0.066361 -0.475247
v 0.115549 0.093074 -0.466219
v 0.213897 0.038864 -0.448535
v 0.166826 0.038490 -0.465384
v 0.119660 0.038945 -0.482339
v 0.069828 0.038662 -0.488683
v 0.068746 0.065776 -0.482319
v 0.167796 0.010767 -0.467855
v 0.120366 0.011117 -0.484565
v 0.070277 0.011003 -0.491084
v 0.020278 0.011301 -0.496729
v 0.020120 0.038995 -0.494064
v 0.120202 -0.017267 -0.483818
v 0.070303 -0.016821 -0.490611
v 0.020322 -0.016656 -0.496181
v -0.030053 -0.016446 -0.495196
v -0.030144 0.011517 -0.495680
v 0.070092 -0.044471 -0.487774
v 0.020365 -0.044433 -0.493174
v -0.029830 -0.044224 -0.492203
v -0.079507 -0.044314 -0.486829
v -0.080024 -0.016516 -0.489699
v 0.020248 -0.071183 -0.485935
v -0.029370 -0.070979 -0.484983
v -0.078354 -0.071194 -0.479564
v -0.126723 -0.071745 -0.470908
v -0.128956 -0.044985 -0.478583
v -0.028694 -0.096666 -0.474737
v -0.076624 -0.097150 -0.469491
v -0.123817 -0.097878 -0.460753
v -0.169285 -0.097169 -0.445111
v -0.173069 -0.071233 -0.454515
v -0.074282 -0.121596 -0.456380
v -0.120140 -0.122419 -0.447855
v -0.164499 -0.121552 -0.432986
v -0.208707 -0.122326 -0.415361
v -0.115487 -0.144445 -0.431032
v -0.158434 -0.143319 -0.417135
v -0.200573 -0.144114 -0.399628
v -0.239283 -0.143485 -0.376382
v -0.151906 -0.163756 -0.399518
v -0.192007 -0.164428 -0.382823
v -0.228938 -0.163884 -0.360410
v -0.265111 -0.164857 -0.336659
v -0.182012 -0.181651 -0.363355
v -0.217270 -0.181256 -0.342303
v -0.251499 -0.181933 -0.319297
v -0.282087 -0.180811 -0.292054
v -0.204496 -0.195249 -0.322419
v -0.236567 -0.196060 -0.300405
v -0.265208 -0.195117 -0.274902
v -0.291790 -0.195670 -0.247215
v -0.220363 -0.205878 -0.280227
v -0.247165 -0.205203 -0.256363
v -0.271961 -0.205574 -0.230483
v -0.293873 -0.205250 -0.202148
v -0.227945 -0.208160 -0.236558
v -0.250849 -0.208155 -0.212420
v -0.271317 -0.208117 -0.186441
v -0.288817 -0.208118 -0.158110
v -0.229704 -0.206619 -0.194343
v -0.248378 -0.205767 -0.170578
v -0.264473 -0.205521 -0.144683
v -0.278073 -0.206467 -0.116721
v -0.226713 -0.196451 -0.155905
v -0.241813 -0.196675 -0.132053
v -0.254752 -0.196379 -0.106180
v -0.263755 -0.196131 -0.080064
v -0.219961 -0.185543 -0.120099
v -0.231700 -0.184475 -0.096753
v -0.240081 -0.183259 -0.072987
v -0.245570 -0.184117 -0.048383
v -0.210707 -0.168647 -0.088481
v -0.217835 -0.168141 -0.066289
v -0.223735 -0.167584 -0.044199
v -0.226545 -0.167439 -0.021409
v -0.199417 -0.148321 -0.060775
v -0.204517 -0.147843 -0.040383
v -0.207019 -0.147649 -0.019721
v -0.207979 -0.146945 0.001141
v -0.187602 -0.126134 -0.037172
v -0.189934 -0.125916 -0.018152
v -0.191393 -0.125312 0.001004
v -0.188888 -0.126506 0.020224
v -0.175782 -0.102448 -0.016797
v -0.177252 -0.102082 0.001003
v -0.175720 -0.102914 0.019039
v -0.173126 -0.103675 0.037247
v -0.167135 -0.076945 0.001081
v -0.165643 -0.077625 0.018124
v -0.163477 -0.078192 0.035183
v -0.158550 -0.078270 0.051160
v -0.157765 -0.051561 0.017378
v -0.155351 -0.051858 0.033364
v -0.150162 -0.051781 0.048090
v -0.144117 -0.050815 0.062567
v -0.151558 -0.024340 0.032153
v -0.147041 -0.023667 0.046689
v -0.141623 -0.022863 0.061119
v -0.135345 -0.022101 0.075533
v -0.145795 0.004146 0.045980
v -0.140739 0.004555 0.060643
v -0.133697 0.004981 0.074481
v -0.125256 0.005349 0.087781
v -0.142635 0.031641 0.061696
v -0.135448 0.031908 0.075694
v -0.127025 0.032096 0.089218
v -0.116994 0.032316 0.101732
v -0.139432 0.058624 0.078288
v -0.130844 0.058505 0.092219
v -0.120623 0.058544 0.105125
v -0.109067 0.058785 0.117138
v -0.137311 0.084323 0.097212
v -0.126778 0.084130 0.110675
v -0.114594 0.084310 0.123109
v -0.101494 0.084776 0.134611
v -0.135605 0.108700 0.118456
v -0.122642 0.108729 0.131559
v -0.108724 0.108989 0.143774
v -0.093459 0.109853 0.154534
v -0.132531 0.132061 0.141936
v -0.117744 0.132151 0.155104
v -0.101414 0.133092 0.166570
v -0.084135 0.133633 0.176727
v -0.128736 0.153285 0.169142
v -0.111043 0.154089 0.181707
v -0.092173 0.154287 0.193049
v -0.071807 0.154544 0.201057
v -0.121372 0.173298 0.198456
v -0.100636 0.173325 0.211029
v -0.078511 0.173623 0.219996
v -0.055604 0.172880 0.226384
v -0.110784 0.188428 0.231304
v -0.086261 0.188902 0.241529
v -0.060973 0.188077 0.248650
v -0.035313 0.188325 0.252651
v -0.094864 0.199618 0.265298
v -0.067013 0.199221 0.273049
v -0.039015 0.200083 0.277823
v -0.010693 0.201241 0.279699
v -0.073693 0.208334 0.298463
v -0.043270 0.208795 0.303785
v -0.011905 0.208590 0.306338
v 0.019264 0.208640 0.306198
v -0.047047 0.209073 0.331087
v -0.013174 0.209092 0.333592
v 0.020582 0.209059 0.333722
v 0.054499 0.209089 0.330701
v -0.014364 0.204243 0.360933
v 0.021820 0.203879 0.360672
v 0.058501 0.203746 0.357098
v 0.094690 0.203992 0.349738
v 0.023169 0.193128 0.386235
v 0.062370 0.193254 0.382118
v 0.101282 0.194012 0.374358
v 0.138711 0.193117 0.362168
v 0.065853 0.178552 0.404972
v 0.107011 0.178832 0.396753
v 0.146642 0.177904 0.384050
v 0.184721 0.178884 0.368196
v 0.112024 0.160330 0.416800
v 0.153588 0.159230 0.403353
v 0.194144 0.160233 0.386801
v 0.231446 0.160038 0.363978
v 0.159891 0.138793 0.420875
v 0.202547 0.139811 0.403408
v 0.241505 0.139256 0.379634
v 0.279116 0.140377 0.354299
v 0.209740 0.116990 0.417820
v 0.249913 0.116316 0.392969
v 0.289188 0.117386 0.367355
v 0.323270 0.116655 0.334673
v 0.256734 0.091740 0.404070
v 0.297211 0.092889 0.377724
v 0.332353 0.092127 0.344047
v 0.366317 0.093086 0.309533
v 0.302838 0.066217 0.385025
v 0.338684 0.065847 0.350670
v 0.373489 0.066552 0.315596
v 0.402661 0.066211 0.275625
v 0.343109 0.038843 0.355437
v 0.378571 0.039244 0.320027
v 0.408257 0.039111 0.279450
v 0.435142 0.039209 0.237029
v 0.380467 0.011445 0.321727
v 0.410247 0.011372 0.280824
v 0.437152 0.011415 0.238126
v 0.459118 0.011460 0.192552
v 0.409941 -0.016534 0.280675
v 0.436821 -0.016521 0.237971
v 0.458667 -0.016427 0.192398
v 0.475331 -0.016442 0.144844
v 0.434138 -0.044331 0.236599
v 0.455705 -0.044104 0.191202
v 0.472423 -0.044085 0.144006
v 0.484835 -0.044473 0.095210
v 0.448866 -0.070966 0.188470
v 0.465356 -0.070926 0.141890
v 0.477594 -0.071272 0.093856
v 0.483013 -0.070888 0.044820
v 0.455543 -0.096771 0.138981
v 0.467311 -0.097213 0.091887
v 0.472602 -0.096624 0.043966
v 0.476254 -0.097495 -0.004123
v 0.454238 -0.121604 0.089457
v 0.459134 -0.120990 0.042933
v 0.462540 -0.121980 -0.003855
v 0.458304 -0.120981 -0.050310
v 0.442525 -0.143077 0.041661
v 0.445291 -0.144164 -0.003505
v 0.441668 -0.143175 -0.048534
v 0.436173 -0.143954 -0.093427
v 0.426539 -0.164511 -0.003227
v 0.423050 -0.163620 -0.046554
v 0.417887 -0.164533 -0.089773
v 0.406060 -0.163375 -0.131513
v 0.402083 -0.181037 -0.044266
v 0.396592 -0.181937 -0.085447
v 0.385652 -0.180987 -0.125243
v 0.371456 -0.181250 -0.163962
v 0.373286 -0.195912 -0.080435
v 0.363082 -0.195017 -0.118110
v 0.349372 -0.195342 -0.154393
v 0.332092 -0.195211 -0.188527
v 0.338701 -0.205036 -0.110222
v 0.325706 -0.205364 -0.144035
v 0.309488 -0.205270 -0.175952
v 0.290013 -0.205412 -0.206098
v 0.300530 -0.208219 -0.133114
v 0.285465 -0.208260 -0.162574
v 0.267526 -0.208162 -0.190136
v 0.246800 -0.208137 -0.215667
v 0.261074 -0.206061 -0.149010
v 0.244811 -0.205967 -0.173989
v 0.225827 -0.206359 -0.197344
v 0.204673 -0.206650 -0.218992
v 0.223223 -0.196529 -0.158735
v 0.206120 -0.196548 -0.180221
v 0.186979 -0.196641 -0.199552
v 0.165949 -0.196309 -0.217375
v 0.187607 -0.183276 -0.163703
v 0.170350 -0.183302 -0.181301
v 0.151173 -0.183933 -0.197573
v 0.129883 -0.184114 -0.212031
v 0.154617 -0.167539 -0.164200
v 0.137105 -0.168731 -0.178880
v 0.118128 -0.168361 -0.192608
v 0.098484 -0.166878 -0.204475
v 0.125446 -0.148506 -0.163985
v 0.108299 -0.148293 -0.176446
v 0.090134 -0.147066 -0.187134
v 0.070790 -0.147529 -0.194933
v 0.099626 -0.125880 -0.162388
v 0.082766 -0.125343 -0.171699
v 0.064854 -0.125661 -0.178864
v 0.046679 -0.126046 -0.185254
v 0.076048 -0.102505 -0.157592
v 0.059576 -0.102511 -0.164695
v 0.042962 -0.102429 -0.171076
v 0.025674 -0.102956 -0.174563
v 0.056187 -0.076605 -0.155227
v 0.040273 -0.076884 -0.160536
v 0.024092 -0.077067 -0.164204
v 0.007675 -0.076746 -0.166221
v 0.037831 -0.050691 -0.151353
v 0.022541 -0.050693 -0.155230
v 0.007197 -0.050527 -0.157587
v -0.008674 -0.050792 -0.156467
v 0.021936 -0.022981 -0.152159
v 0.006645 -0.023058 -0.154482
v -0.008862 -0.023293 -0.153386
v -0.024400 -0.023546 -0.151482
v 0.006083 0.004472 -0.152291
v -0.009178 0.004322 -0.152200
v -0.024463 0.004081 -0.150420
v -0.039402 0.003751 -0.147335
v -0.009634 0.031930 -0.154744
v -0.025023 0.031867 -0.152521
v -0.040207 0.031383 -0.149766
v -0.054978 0.030844 -0.144532
v -0.026311 0.059335 -0.157448
v -0.041861 0.058628 -0.154398
v -0.057061 0.058002 -0.149019
v -0.071976 0.057349 -0.142796
v -0.044497 0.085192 -0.162400
v -0.060173 0.084718 -0.155951
v -0.075718 0.084016 -0.149067
v -0.090870 0.083232 -0.141721
v -0.065049 0.109662 -0.167407
v -0.081620 0.108975 -0.159895
v -0.097390 0.108318 -0.151223
v -0.111874 0.108073 -0.140515
v -0.088772 0.132149 -0.173208
v -0.105145 0.132426 -0.162520
v -0.120897 0.132037 -0.151115
v -0.136074 0.131248 -0.139128
v -0.115600 0.153508 -0.177813
v -0.132801 0.153087 -0.165406
v -0.148555 0.152823 -0.151505
v -0.162952 0.152925 -0.135944
v -0.145571 0.172575 -0.181099
v -0.162231 0.173292 -0.165393
v -0.178144 0.172875 -0.148465
v -0.192413 0.172250 -0.130220
v -0.178558 0.189116 -0.182154
v -0.196083 0.188395 -0.163391
v -0.211320 0.188130 -0.142924
v -0.224979 0.188043 -0.121516
v -0.215515 0.200035 -0.179654
v -0.232721 0.199381 -0.157435
v -0.247338 0.199530 -0.133731
v -0.259632 0.200010 -0.107785
v -0.254677 0.208213 -0.172789
v -0.270721 0.208441 -0.146549
v -0.284070 0.208602 -0.118141
v -0.294533 0.208576 -0.088845
v -0.295092 0.209233 -0.159586
v -0.309430 0.209226 -0.128859
v -0.320763 0.209169 -0.097034
v -0.329016 0.209103 -0.064087
v -0.334512 0.203881 -0.139440
v -0.346760 0.203897 -0.105111
v -0.355369 0.204386 -0.069547
v -0.360074 0.203992 -0.032909
v -0.371257 0.193318 -0.112460
v -0.380480 0.193943 -0.074314
v -0.385264 0.193380 -0.035332
v -0.387313 0.194418 0.004020
v -0.403213 0.178841 -0.078727
v -0.408220 0.178517 -0.037518
v -0.410391 0.179453 0.004022
v -0.407754 0.178545 0.045580
v -0.428724 0.160037 -0.039409
v -0.431316 0.161133 0.004118
v -0.427802 0.159839 0.047509
v -0.422444 0.160902 0.090961
v -0.449585 0.140031 0.004251
v -0.446025 0.138953 0.049371
v -0.440625 0.140429 0.094603
v -0.428396 0.139522 0.138834
v -0.462439 0.116728 0.051105
v -0.456676 0.117633 0.097904
v -0.443559 0.116812 0.143492
v -0.427670 0.117087 0.188233
v -0.469741 0.093330 0.100663
v -0.456082 0.092460 0.147450
v -0.439716 0.092702 0.193304
v -0.417312 0.092191 0.236635
v -0.464785 0.066145 0.150211
v -0.448117 0.066246 0.196878
v -0.425304 0.065913 0.240971
v -0.399005 0.065959 0.283064
v -0.454233 0.039062 0.199445
v -0.431043 0.038862 0.244097
v -0.404468 0.038836 0.286690
v -0.373122 0.038716 0.326065
v -0.433366 0.011252 0.245324
v -0.406584 0.011178 0.288044
v -0.375247 0.011076 0.327736
v -0.339616 0.011023 0.363435
v -0.406227 -0.016769 0.287716
v -0.375043 -0.016834 0.327337
v -0.339463 -0.016736 0.362999
v -0.302087 -0.016833 0.397025
v -0.372686 -0.044624 0.325093
v -0.337488 -0.044308 0.360551
v -0.300178 -0.044563 0.394456
v -0.257956 -0.044294 0.421077
v -0.332578 -0.071026 0.354918
v -0.296040 -0.071547 0.388450
v -0.254292 -0.071098 0.414632
v -0.211812 -0.071797 0.439979
v -0.289854 -0.097471 0.379869
v -0.249216 -0.096886 0.405742
v -0.207681 -0.098081 0.430732
v -0.162226 -0.097113 0.447620
v -0.242707 -0.121252 0.394458
v -0.202247 -0.122311 0.418878
v -0.157860 -0.121475 0.435002
v -0.113373 -0.122703 0.449721
v -0.194852 -0.144096 0.402719
v -0.152448 -0.143379 0.418933
v -0.109232 -0.144534 0.432610
v -0.064448 -0.143705 0.439937
v -0.146583 -0.163846 0.401132
v -0.105162 -0.165009 0.414541
v -0.062039 -0.164115 0.421421
v -0.019002 -0.164535 0.425474
v -0.100201 -0.182166 0.393439
v -0.059348 -0.181609 0.400386
v -0.018381 -0.181965 0.403971
v 0.022556 -0.182034 0.403665
v -0.056233 -0.195499 0.376964
v -0.017636 -0.195607 0.380212
v 0.020983 -0.195604 0.379877
v 0.059534 -0.195756 0.375960
v -0.016625 -0.205796 0.354693
v 0.019419 -0.206572 0.354601
v 0.055451 -0.205812 0.350935
v 0.091043 -0.205902 0.343935
v 0.017727 -0.208079 0.327098
v 0.051103 -0.208114 0.324048
v 0.083612 -0.208207 0.317325
v 0.114995 -0.208234 0.307265
v 0.046508 -0.206180 0.296552
v 0.076055 -0.205725 0.290535
v 0.104828 -0.205906 0.281364
v 0.132681 -0.206628 0.269166
v 0.069096 -0.196044 0.265220
v 0.095275 -0.196764 0.256825
v 0.120542 -0.196946 0.245866
v 0.144944 -0.196632 0.232645
v 0.086282 -0.183882 0.233367
v 0.109249 -0.184118 0.223747
v 0.131849 -0.183867 0.211939
v 0.153300 -0.184226 0.197489
v 0.099663 -0.167257 0.203908
v 0.120001 -0.168439 0.192486
v 0.139746 -0.168642 0.179305
v 0.157940 -0.167984 0.165091
v 0.110439 -0.148796 0.176162
v 0.128545 -0.148552 0.164509
v 0.144696 -0.148543 0.150575
v 0.159577 -0.149175 0.134987
v 0.118208 -0.127351 0.151145
v 0.132516 -0.128122 0.137522
v 0.146535 -0.128053 0.123340
v 0.158357 -0.127639 0.107904
v 0.122586 -0.105293 0.127263
v 0.134935 -0.105437 0.113619
v 0.146558 -0.104248 0.099832
v 0.155615 -0.103842 0.084422
v 0.126945 -0.079987 0.107195
v 0.137899 -0.078976 0.094211
v 0.146633 -0.078351 0.079695
v 0.153284 -0.078151 0.064242
v 0.130366 -0.053028 0.089408
v 0.138303 -0.052432 0.075302
v 0.145881 -0.051678 0.061239
v 0.151142 -0.051284 0.046366
v 0.135154 -0.024963 0.073810
v 0.141880 -0.024363 0.059587
v 0.147529 -0.023939 0.045051
v 0.150570 -0.023832 0.029786
v 0.138914 0.003141 0.058201
v 0.145113 0.003571 0.043984
v 0.149204 0.003871 0.029388
v 0.151306 0.003980 0.014148
v 0.147697 0.031215 0.044793
v 0.151616 0.031663 0.029822
v 0.153717 0.031804 0.014398
v 0.154983 0.031697 -0.001149
v 0.156577 0.059148 0.030877
v 0.158808 0.059259 0.014868
v 0.160056 0.058980 -0.001246
v 0.158566 0.059280 -0.017248
v 0.167445 0.085654 0.015541
v 0.168969 0.085353 -0.001491
v 0.167209 0.085916 -0.018416
v 0.164764 0.086146 -0.035067
v 0.180152 0.110491 -0.001803
v 0.179610 0.110639 -0.020250
v 0.177018 0.110709 -0.038352
v 0.171423 0.110355 -0.055726
v 0.193155 0.134226 -0.022195
v 0.191024 0.134050 -0.041894
v 0.184858 0.134059 -0.060818
v 0.177434 0.132791 -0.079001
v 0.208396 0.154913 -0.045836
v 0.202734 0.154292 -0.067101
v 0.194270 0.153514 -0.086818
v 0.183679 0.153453 -0.105244
v 0.221291 0.173677 -0.073257
v 0.212077 0.173299 -0.094929
v 0.200696 0.173321 -0.115083
v 0.188594 0.172834 -0.134859
v 0.233149 0.188630 -0.104436
v 0.221555 0.187945 -0.127081
v 0.207086 0.188984 -0.147878
v 0.191008 0.189546 -0.168053
v 0.243424 0.199598 -0.139785
v 0.227987 0.200048 -0.163011
v 0.210202 0.200333 -0.185169
v 0.190389 0.199996 -0.205458
v 0.249614 0.208443 -0.178734
v 0.230024 0.208558 -0.202758
v 0.208674 0.208341 -0.224969
v 0.185299 0.208520 -0.244921
v 0.251153 0.209146 -0.221223
v 0.227878 0.209101 -0.245457
v 0.202087 0.209108 -0.267084
v 0.173932 0.209057 -0.285956
v 0.246346 0.203730 -0.265266
v 0.218492 0.204096 -0.288838
v 0.188072 0.203634 -0.309022
v 0.155733 0.204023 -0.326565
v 0.234209 0.193675 -0.309411
v 0.201454 0.192961 -0.330836
v 0.166936 0.194009 -0.349836
v 0.130454 0.193258 -0.364866
v 0.213512 0.178347 -0.350828
v 0.177085 0.179657 -0.371116
v 0.138307 0.178608 -0.386827
v 0.098559 0.179417 -0.399616
v 0.186001 0.161417 -0.390245
v 0.145191 0.160130 -0.406017
v 0.103551 0.160721 -0.419716
v 0.060192 0.160040 -0.426415
v 0.151487 0.139382 -0.423478
v 0.108090 0.140335 -0.437779
v 0.062727 0.139431 -0.444630
v 0.017351 0.140021 -0.448712
v 0.112124 0.117437 -0.453525
v 0.065090 0.116636 -0.460326
v 0.018292 0.117019 -0.464690
v -0.028659 0.116875 -0.464246
v 0.067178 0.092008 -0.473018
v 0.019067 0.092056 -0.477161
v -0.029287 0.092739 -0.477907
v -0.077698 0.092412 -0.472380
v 0.019753 0.066177 -0.487612
v -0.029691 0.066397 -0.487091
v -0.079069 0.066259 -0.481427
v -0.127939 0.066305 -0.472245
v -0.030022 0.039208 -0.493108
v -0.079938 0.039164 -0.487537
v -0.129606 0.039071 -0.478979
v -0.176622 0.038640 -0.462026
v -0.080186 0.011438 -0.490072
v -0.130045 0.011288 -0.481677
v -0.177384 0.010984 -0.464667
v -0.224528 0.011205 -0.446247
v -0.129753 -0.016877 -0.481318
v -0.177085 -0.016830 -0.464326
v -0.224185 -0.017052 -0.445833
v -0.175924 -0.044508 -0.461568
vt 0.251048 0.495943
vt 0.261829 0.495779
vt 0.261891 0.519291
vt 0.251023 0.519443
vt 0.884801 0.302700
vt 0.885721 0.283445
vt 0.898650 0.284241
vt 0.897940 0.303321
vt 0.238930 0.496443
vt 0.236384 0.473858
vt 0.248079 0.472936
vt 0.239193 0.519399
vt 0.250728 0.542640
vt 0.238797 0.542391
vt 0.226345 0.541950
vt 0.226919 0.519428
vt 0.226392 0.496942
vt 0.224171 0.474867
vt 0.214190 0.519488
vt 0.213716 0.497609
vt 0.211542 0.476121
vt 0.208315 0.454782
vt 0.220772 0.452898
vt 0.200577 0.498515
vt 0.198731 0.477713
vt 0.195518 0.457236
vt 0.190583 0.437576
vt 0.203133 0.434259
vt 0.185925 0.479534
vt 0.182812 0.459996
vt 0.178127 0.441179
vt 0.172144 0.423054
vt 0.184337 0.418656
vt 0.170345 0.463126
vt 0.166015 0.445276
vt 0.160384 0.427983
vt 0.153813 0.411450
vt 0.165220 0.405675
vt 0.154553 0.449736
vt 0.149309 0.433370
vt 0.143117 0.417804
vt 0.136033 0.403367
vt 0.146362 0.396078
vt 0.611386 0.341545
vt 0.594262 0.347962
vt 0.590566 0.336806
vt 0.606492 0.330714
vt 0.621714 0.323113
vt 0.627689 0.333444
vt 0.635924 0.314022
vt 0.642848 0.323681
vt 0.601357 0.319172
vt 0.615474 0.312076
vt 0.628583 0.303616
vt 0.640684 0.293864
vt 0.649134 0.303460
vt 0.609215 0.300853
vt 0.621141 0.293121
vt 0.632204 0.284039
vt 0.642346 0.274210
vt 0.651763 0.283114
vt 0.614129 0.283071
vt 0.624279 0.274720
vt 0.633435 0.265667
vt 0.641638 0.255939
vt 0.651470 0.263581
vt 0.616655 0.266042
vt 0.625048 0.257760
vt 0.632364 0.248721
vt 0.639264 0.239335
vt 0.649159 0.245703
vt 0.177221 0.940749
vt 0.168219 0.946410
vt 0.162774 0.934895
vt 0.171037 0.929613
vt 0.179190 0.924004
vt 0.186026 0.934588
vt 0.187682 0.917785
vt 0.195001 0.927862
vt 0.163979 0.919032
vt 0.171848 0.913750
vt 0.179666 0.907931
vt 0.186613 0.901376
vt 0.195644 0.910700
vt 0.164128 0.903765
vt 0.171102 0.898327
vt 0.177147 0.892322
vt 0.182523 0.885346
vt 0.192612 0.893847
vt 0.162079 0.889447
vt 0.167561 0.883623
vt 0.172521 0.877138
vt 0.177292 0.870376
vt 0.187628 0.878074
vt 0.158022 0.875411
vt 0.162798 0.869407
vt 0.167328 0.863072
vt 0.171569 0.856488
vt 0.181761 0.863543
vt 0.153246 0.861869
vt 0.157553 0.855940
vt 0.161523 0.849539
vt 0.165568 0.843177
vt 0.175571 0.849799
vt 0.148934 0.849482
vt 0.152860 0.843229
vt 0.156764 0.836934
vt 0.160269 0.830566
vt 0.169083 0.836774
vt 0.144724 0.837159
vt 0.148590 0.830857
vt 0.881159 0.853242
vt 0.881535 0.840716
vt 0.887751 0.840775
vt 0.887286 0.853271
vt 0.894639 0.840825
vt 0.894114 0.853403
vt 0.881159 0.828308
vt 0.887529 0.828321
vt 0.894408 0.828348
vt 0.901320 0.828569
vt 0.901560 0.840975
vt 0.886525 0.816079
vt 0.893623 0.815912
vt 0.900703 0.816172
vt 0.907980 0.816562
vt 0.908400 0.828881
vt 0.343886 0.406043
vt 0.341732 0.412965
vt 0.329822 0.410830
vt 0.331884 0.403427
vt 0.899650 0.804046
vt 0.907343 0.804316
vt 0.915179 0.804662
vt 0.915554 0.816646
vt 0.334778 0.396857
vt 0.319685 0.400426
vt 0.322563 0.393239
vt 0.906292 0.792668
vt 0.914690 0.793197
vt 0.923189 0.793301
vt 0.923161 0.804765
vt 0.326110 0.386410
vt 0.310469 0.389107
vt 0.314291 0.381658
vt 0.914107 0.782395
vt 0.923280 0.782485
vt 0.932475 0.782685
vt 0.931717 0.793460
vt 0.299020 0.948591
vt 0.302017 0.955788
vt 0.290381 0.961026
vt 0.286954 0.953131
vt 0.284107 0.944919
vt 0.296324 0.941115
vt 0.281595 0.936279
vt 0.293969 0.933001
vt 0.275132 0.958229
vt 0.272042 0.949257
vt 0.269214 0.939763
vt 0.266789 0.929735
vt 0.279369 0.926940
vt 0.260442 0.954471
vt 0.257443 0.944152
vt 0.254845 0.933238
vt 0.253144 0.921747
vt 0.265343 0.919422
vt 0.112476 0.083424
vt 0.103142 0.091090
vt 0.095458 0.082050
vt 0.105705 0.073788
vt 0.116963 0.066440
vt 0.122689 0.076858
vt 0.128822 0.060764
vt 0.133499 0.071829
vt 0.098697 0.063529
vt 0.110947 0.055723
vt 0.123917 0.049351
vt 0.137440 0.044387
vt 0.141067 0.056306
vt 0.104525 0.044392
vt 0.118778 0.037488
vt 0.133581 0.032158
vt 0.148757 0.028087
vt 0.151484 0.040776
vt 0.113761 0.025999
vt 0.129516 0.020018
vt 0.145927 0.015770
vt 0.162806 0.013056
vt 0.164324 0.025576
vt 0.125530 0.008471
vt 0.143249 0.004241
vt 0.161304 0.001134
vt 0.179561 0.000443
vt 0.179839 0.012305
vt 0.730554 0.496353
vt 0.729814 0.514657
vt 0.717820 0.514781
vt 0.718559 0.495387
vt 0.720001 0.476305
vt 0.731896 0.478325
vt 0.722914 0.457497
vt 0.734644 0.460595
vt 0.705788 0.494523
vt 0.707438 0.474555
vt 0.710469 0.454770
vt 0.714452 0.435639
vt 0.726694 0.439223
vt 0.694626 0.472938
vt 0.697803 0.452300
vt 0.701950 0.432405
vt 0.707176 0.413099
vt 0.719396 0.417127
vt 0.684908 0.450123
vt 0.689289 0.429569
vt 0.694733 0.409618
vt 0.701517 0.390676
vt 0.713701 0.394806
vt 0.676743 0.427264
vt 0.682396 0.406764
vt 0.689383 0.387346
vt 0.642698 0.779510
vt 0.642519 0.801899
vt 0.631337 0.802659
vt 0.631504 0.780858
vt 0.642909 0.757579
vt 0.655073 0.756245
vt 0.654844 0.778553
vt 0.654639 0.801352
vt 0.654442 0.824408
vt 0.642289 0.824506
vt 0.667359 0.777877
vt 0.667173 0.800963
vt 0.667022 0.824380
vt 0.667059 0.847781
vt 0.654611 0.847462
vt 0.680035 0.800849
vt 0.679908 0.824388
vt 0.679884 0.847915
vt 0.679757 0.871499
vt 0.666893 0.871336
vt 0.692956 0.824429
vt 0.692841 0.847900
vt 0.692869 0.871345
vt 0.692918 0.893934
vt 0.679969 0.894070
vt 0.705771 0.847827
vt 0.705970 0.871184
vt 0.705842 0.893527
vt 0.706304 0.915915
vt 0.693205 0.916489
vt 0.718715 0.870528
vt 0.718433 0.892528
vt 0.718901 0.914594
vt 0.089680 0.594081
vt 0.094597 0.572246
vt 0.106474 0.573244
vt 0.101577 0.595469
vt 0.730581 0.891139
vt 0.731140 0.912697
vt 0.077295 0.592147
vt 0.082300 0.570832
vt 0.086003 0.549128
vt 0.098456 0.550096
vt 0.064832 0.589670
vt 0.069722 0.568963
vt 0.073361 0.547901
vt 0.075574 0.526031
vt 0.088249 0.526695
vt 0.057072 0.566480
vt 0.060505 0.546148
vt 0.062736 0.525176
vt 0.063205 0.504122
vt 0.076200 0.504154
vt 0.047789 0.544193
vt 0.049900 0.524228
vt 0.050283 0.504119
vt 0.049629 0.484010
vt 0.062524 0.483165
vt 0.037312 0.523118
vt 0.037710 0.504039
vt 0.037119 0.484922
vt 0.035588 0.465983
vt 0.047965 0.464105
vt 0.025822 0.503842
vt 0.025270 0.485867
vt 0.023780 0.468065
vt 0.020982 0.450600
vt 0.032750 0.447360
vt 0.362808 0.188336
vt 0.362578 0.170361
vt 0.374581 0.170991
vt 0.374762 0.187726
vt 0.376392 0.204310
vt 0.364531 0.206177
vt 0.379946 0.220588
vt 0.368391 0.223663
vt 0.387646 0.187025
vt 0.389247 0.202294
vt 0.392344 0.217269
vt 0.396970 0.231926
vt 0.384895 0.236529
vt 0.402185 0.200202
vt 0.404901 0.213894
vt 0.409161 0.227364
vt 0.414479 0.240456
vt 0.402986 0.246177
vt 0.416893 0.210745
vt 0.420639 0.223050
vt 0.425415 0.234923
vt 0.431290 0.246216
vt 0.421355 0.253021
vt 0.431635 0.218863
vt 0.435914 0.229624
vt 0.441193 0.239974
vt 0.448249 0.249663
vt 0.439178 0.257012
vt 0.993798 0.366543
vt 0.991523 0.376535
vt 0.978879 0.374768
vt 0.981066 0.365513
vt 0.150578 0.817134
vt 0.146871 0.804823
vt 0.155433 0.801571
vt 0.160220 0.813457
vt 0.163685 0.796801
vt 0.169327 0.808284
vt 0.141808 0.792953
vt 0.149495 0.790036
vt 0.156878 0.785835
vt 0.164130 0.780864
vt 0.171598 0.791545
vt 0.143055 0.778794
vt 0.149777 0.775097
vt 0.156431 0.770595
vt 0.163155 0.765626
vt 0.171329 0.775495
vt 0.142265 0.764949
vt 0.148428 0.760845
vt 0.154736 0.756204
vt 0.160987 0.751221
vt 0.169871 0.760244
vt 0.948038 0.769320
vt 0.939958 0.769425
vt 0.938711 0.757525
vt 0.946350 0.757429
vt 0.146127 0.747548
vt 0.152040 0.743026
vt 0.157633 0.737731
vt 0.167002 0.745599
vt 0.953893 0.757359
vt 0.944963 0.745203
vt 0.952161 0.745061
vt 0.143110 0.735125
vt 0.148386 0.730211
vt 0.153242 0.724565
vt 0.162817 0.731888
vt 0.958767 0.745099
vt 0.951254 0.732324
vt 0.957746 0.732349
vt 0.139673 0.723489
vt 0.144381 0.718040
vt 0.148924 0.712344
vt 0.157819 0.718613
vt 0.963681 0.732278
vt 0.957071 0.719397
vt 0.963311 0.719356
vt 0.136033 0.712065
vt 0.140411 0.706312
vt 0.144741 0.700458
vt 0.153257 0.706423
vt 0.366369 0.786717
vt 0.362578 0.780557
vt 0.371877 0.774931
vt 0.375708 0.781188
vt 0.379425 0.787540
vt 0.370144 0.792947
vt 0.382530 0.794133
vt 0.373173 0.799467
vt 0.385594 0.775375
vt 0.389300 0.781940
vt 0.392467 0.788700
vt 0.395366 0.795530
vt 0.385335 0.800794
vt 0.399772 0.776128
vt 0.403126 0.783223
vt 0.406262 0.790351
vt 0.408717 0.797364
vt 0.397674 0.802248
vt 0.414553 0.777783
vt 0.417782 0.785378
vt 0.420517 0.792953
vt 0.422862 0.800542
vt 0.410813 0.804379
vt 0.429583 0.780552
vt 0.432481 0.788764
vt 0.435138 0.797139
vt 0.436998 0.805265
vt 0.424606 0.808157
vt 0.445015 0.785292
vt 0.447751 0.794255
vt 0.449812 0.803182
vt 0.450616 0.812201
vt 0.437635 0.813290
vt 0.460331 0.791688
vt 0.462520 0.801494
vt 0.463609 0.811470
vt 0.463406 0.820607
vt 0.450322 0.820474
vt 0.474924 0.801203
vt 0.476073 0.811886
vt 0.476277 0.821979
vt 0.113148 0.279037
vt 0.103944 0.271584
vt 0.110736 0.263508
vt 0.119110 0.270269
vt 0.123449 0.285446
vt 0.118121 0.295783
vt 0.106683 0.288784
vt 0.096313 0.280637
vt 0.086803 0.271574
vt 0.095165 0.263486
vt 0.099928 0.298943
vt 0.088510 0.290012
vt 0.078011 0.280098
vt 0.068494 0.269124
vt 0.078163 0.261545
vt 0.080244 0.299961
vt 0.068747 0.289017
vt 0.058341 0.277094
vt 0.049120 0.264294
vt 0.060112 0.257422
vt 0.059680 0.297789
vt 0.048405 0.284855
vt 0.038317 0.271056
vt 0.029888 0.256215
vt 0.041199 0.250620
vt 0.039053 0.292268
vt 0.028109 0.277560
vt 0.019101 0.261599
vt 0.011696 0.244843
vt 0.022980 0.240531
vt 0.859895 0.855191
vt 0.864245 0.872472
vt 0.852844 0.876873
vt 0.848177 0.858439
vt 0.845145 0.839580
vt 0.857052 0.837400
vt 0.843140 0.820359
vt 0.855177 0.819271
vt 0.835914 0.861462
vt 0.832507 0.841636
vt 0.830398 0.821427
vt 0.829559 0.801139
vt 0.842358 0.801079
vt 0.819813 0.843635
vt 0.817533 0.822477
vt 0.816667 0.801210
vt 0.817324 0.780054
vt 0.830211 0.780868
vt 0.804665 0.823464
vt 0.803699 0.801374
vt 0.804287 0.779444
vt 0.806130 0.757878
vt 0.819004 0.759195
vt 0.790949 0.801663
vt 0.791483 0.779050
vt 0.793407 0.756867
vt 0.796556 0.734695
vt 0.809145 0.736322
vt 0.779116 0.778944
vt 0.781119 0.756292
vt 0.784169 0.733779
vt 0.789139 0.712616
vt 0.801285 0.713930
vt 0.769273 0.755989
vt 0.772191 0.733130
vt 0.584213 0.915228
vt 0.571525 0.916765
vt 0.571689 0.895389
vt 0.584245 0.894115
vt 0.572057 0.874032
vt 0.584728 0.872832
vt 0.558622 0.917429
vt 0.558798 0.895959
vt 0.559093 0.874309
vt 0.559065 0.851274
vt 0.571909 0.851002
vt 0.545825 0.895928
vt 0.545933 0.874224
vt 0.546108 0.851247
vt 0.545980 0.828203
vt 0.559275 0.828278
vt 0.532794 0.873891
vt 0.533171 0.851035
vt 0.532827 0.828256
vt 0.533067 0.804817
vt 0.546040 0.804731
vt 0.520567 0.850390
vt 0.520226 0.827898
vt 0.520471 0.804868
vt 0.520389 0.781946
vt 0.532935 0.781552
vt 0.507886 0.827411
vt 0.508279 0.804872
vt 0.508180 0.782456
vt 0.508187 0.760299
vt 0.520364 0.759252
vt 0.496727 0.804866
vt 0.496629 0.783082
vt 0.496654 0.761681
vt 0.554679 0.619346
vt 0.560573 0.600107
vt 0.573093 0.602366
vt 0.567048 0.622234
vt 0.547476 0.637529
vt 0.535336 0.633029
vt 0.542234 0.615564
vt 0.547946 0.596995
vt 0.552588 0.577752
vt 0.565490 0.580159
vt 0.529901 0.611354
vt 0.535435 0.593553
vt 0.539892 0.575049
vt 0.543505 0.555645
vt 0.556312 0.557486
vt 0.523327 0.589550
vt 0.527543 0.571854
vt 0.531026 0.553436
vt 0.532827 0.534795
vt 0.545469 0.535849
vt 0.515866 0.568372
vt 0.519089 0.551024
vt 0.520554 0.533550
vt 0.521205 0.515629
vt 0.533294 0.515656
vt 0.593188 0.008190
vt 0.609832 0.014451
vt 0.605206 0.025777
vt 0.589645 0.019979
vt 0.573401 0.015871
vt 0.575737 0.003998
vt 0.556748 0.013217
vt 0.557817 0.001173
vt 0.585937 0.032415
vt 0.570957 0.028482
vt 0.555588 0.026129
vt 0.539911 0.025306
vt 0.539835 0.012462
vt 0.568558 0.041217
vt 0.554481 0.038902
vt 0.539998 0.038166
vt 0.525633 0.038938
vt 0.524228 0.026059
vt 0.553416 0.050871
vt 0.540250 0.050173
vt 0.527091 0.050889
vt 0.513972 0.053063
vt 0.511527 0.041153
vt 0.471412 0.884797
vt 0.464870 0.895986
vt 0.454515 0.890272
vt 0.460617 0.880198
vt 0.465830 0.869646
vt 0.477100 0.873308
vt 0.516327 0.064089
vt 0.504830 0.067375
vt 0.501433 0.056296
vt 0.449479 0.874808
vt 0.454279 0.865319
vt 0.457948 0.855509
vt 0.470008 0.859246
vt 0.461036 0.846120
vt 0.473458 0.848948
vt 0.442676 0.859801
vt 0.446049 0.850937
vt 0.448830 0.842350
vt 0.450959 0.833835
vt 0.463422 0.836856
vt 0.434251 0.846049
vt 0.436720 0.838223
vt 0.438503 0.830419
vt 0.439401 0.822866
vt 0.451931 0.825632
vt 0.425027 0.833592
vt 0.426676 0.826277
vt 0.329376 0.749482
vt 0.323830 0.739497
vt 0.330631 0.734890
vt 0.336686 0.744492
vt 0.337654 0.730426
vt 0.344185 0.739602
vt 0.317646 0.729015
vt 0.324159 0.724703
vt 0.330767 0.720382
vt 0.337368 0.716128
vt 0.344625 0.726036
vt 0.317564 0.714306
vt 0.323884 0.710197
vt 0.330146 0.706134
vt 0.336347 0.702489
vt 0.343994 0.712408
vt 0.316837 0.699452
vt 0.322942 0.695568
vt 0.328864 0.691910
vt 0.334581 0.688277
vt 0.342305 0.698813
vt 0.315790 0.684709
vt 0.321560 0.680975
vt 0.327160 0.677339
vt 0.332271 0.673870
vt 0.339682 0.684750
vt 0.314835 0.669864
vt 0.320515 0.666068
vt 0.325838 0.662498
vt 0.331120 0.659066
vt 0.337244 0.670348
vt 0.314406 0.654848
vt 0.319986 0.651150
vt 0.884491 0.576145
vt 0.893590 0.568926
vt 0.898568 0.574384
vt 0.889360 0.581305
vt 0.903222 0.580329
vt 0.894072 0.586890
vt 0.902905 0.561147
vt 0.908083 0.567006
vt 0.912937 0.573326
vt 0.917597 0.579827
vt 0.907669 0.586545
vt 0.917819 0.559199
vt 0.923063 0.565914
vt 0.928057 0.572853
vt 0.932590 0.579955
vt 0.921830 0.586504
vt 0.933163 0.558277
vt 0.938594 0.565744
vt 0.943621 0.573333
vt 0.948141 0.581145
vt 0.936743 0.587207
vt 0.949356 0.558433
vt 0.954902 0.566728
vt 0.959758 0.575313
vt 0.963916 0.584039
vt 0.951975 0.588992
vt 0.965998 0.560191
vt 0.971360 0.569707
vt 0.975892 0.579419
vt 0.979695 0.589114
vt 0.967510 0.592969
vt 0.982546 0.564757
vt 0.987646 0.575485
vt 0.991852 0.586046
vt 0.995257 0.596902
vt 0.982998 0.598964
vt 0.296361 0.210344
vt 0.298755 0.198629
vt 0.310535 0.200165
vt 0.307963 0.213144
vt 0.304206 0.225872
vt 0.293072 0.222005
vt 0.299166 0.238212
vt 0.288269 0.233230
vt 0.320147 0.216011
vt 0.315968 0.229995
vt 0.310284 0.243452
vt 0.303193 0.256300
vt 0.292629 0.249928
vt 0.327991 0.234279
vt 0.321868 0.249040
vt 0.314253 0.262998
vt 0.305013 0.275926
vt 0.294739 0.268147
vt 0.333124 0.254422
vt 0.325006 0.269558
vt 0.315079 0.283541
vt 0.303940 0.296604
vt 0.294679 0.287952
vt 0.335238 0.275821
vt 0.324441 0.290698
vt 0.312478 0.304760
vt 0.299077 0.317503
vt 0.291484 0.308452
vt 0.332918 0.297383
vt 0.320191 0.312250
vt 0.366857 0.412080
vt 0.377606 0.405902
vt 0.383915 0.422511
vt 0.372777 0.427769
vt 0.389261 0.439874
vt 0.377736 0.444239
vt 0.389201 0.400458
vt 0.395788 0.417811
vt 0.401446 0.435962
vt 0.405744 0.454884
vt 0.393233 0.457891
vt 0.407991 0.413443
vt 0.413834 0.432329
vt 0.418369 0.452142
vt 0.421518 0.472720
vt 0.408727 0.474604
vt 0.426393 0.429267
vt 0.431156 0.449795
vt 0.434393 0.471134
vt 0.436473 0.492726
vt 0.423373 0.493625
vt 0.443793 0.447899
vt 0.447119 0.469835
vt 0.449285 0.492028
vt 0.450029 0.514628
vt 0.437364 0.514719
vt 0.459431 0.468945
vt 0.461795 0.491534
vt 0.462286 0.514583
vt 0.462060 0.537850
vt 0.449598 0.537522
vt 0.473954 0.491232
vt 0.474160 0.514583
vt 0.474213 0.538111
vt 0.471342 0.561127
vt 0.459514 0.560576
vt 0.485207 0.514590
vt 0.485169 0.538102
vt 0.482309 0.561333
vt 0.479169 0.584359
vt 0.468156 0.583991
vt 0.911525 0.284240
vt 0.911099 0.303450
vt 0.899037 0.265008
vt 0.912091 0.264975
vt 0.899297 0.243793
vt 0.912278 0.243742
vt 0.255527 0.449674
vt 0.258909 0.472646
vt 0.244648 0.450259
vt 0.886050 0.264398
vt 0.886354 0.243315
vt 0.886404 0.221665
vt 0.899429 0.222027
vt 0.873460 0.262789
vt 0.873731 0.242017
vt 0.873718 0.220682
vt 0.873781 0.198562
vt 0.886486 0.199151
vt 0.220902 0.409014
vt 0.227499 0.429782
vt 0.215450 0.431744
vt 0.208898 0.411447
vt 0.861368 0.219298
vt 0.861421 0.197644
vt 0.861537 0.175454
vt 0.873839 0.175925
vt 0.201199 0.392359
vt 0.196685 0.414561
vt 0.189182 0.396043
vt 0.849767 0.196395
vt 0.849892 0.174778
vt 0.849760 0.152787
vt 0.861375 0.152918
vt 0.180620 0.378740
vt 0.177119 0.400693
vt 0.168912 0.383930
vt 0.159515 0.368497
vt 0.170918 0.362632
vt 0.741286 0.292165
vt 0.749791 0.276131
vt 0.761706 0.281037
vt 0.752887 0.297703
vt 0.157398 0.389566
vt 0.148343 0.374867
vt 0.729877 0.286180
vt 0.737998 0.270770
vt 0.745212 0.254781
vt 0.757287 0.259470
vt 0.718932 0.279302
vt 0.726742 0.264713
vt 0.733471 0.249382
vt 0.739503 0.232839
vt 0.751500 0.237253
vt 0.678206 0.307275
vt 0.664232 0.320377
vt 0.656926 0.312238
vt 0.669915 0.299766
vt 0.722515 0.243403
vt 0.728123 0.227908
vt 0.732410 0.211786
vt 0.744202 0.215731
vt 0.681528 0.286079
vt 0.661218 0.291861
vt 0.671950 0.279020
vt 0.681647 0.265411
vt 0.691930 0.271545
vt 0.689789 0.250669
vt 0.700585 0.255792
vt 0.661784 0.271420
vt 0.670636 0.258808
vt 0.678278 0.245183
vt 0.684389 0.230734
vt 0.696442 0.235182
vt 0.659581 0.252172
vt 0.666710 0.239727
vt 0.672306 0.226303
vt 0.676257 0.212649
vt 0.688848 0.215969
vt 0.655711 0.234576
vt 0.660893 0.222203
vt 0.664541 0.209406
vt 0.666952 0.196697
vt 0.678992 0.198711
vt 0.220088 0.918663
vt 0.211217 0.928475
vt 0.203724 0.919861
vt 0.211784 0.910657
vt 0.218715 0.901328
vt 0.228091 0.908521
vt 0.225049 0.891884
vt 0.235233 0.898142
vt 0.202545 0.902398
vt 0.208633 0.893789
vt 0.214324 0.885123
vt 0.219931 0.876616
vt 0.231080 0.882429
vt 0.198132 0.885934
vt 0.203372 0.877950
vt 0.208450 0.869928
vt 0.213179 0.861761
vt 0.224949 0.867635
vt 0.192476 0.870720
vt 0.197135 0.863248
vt 0.201532 0.855642
vt 0.205126 0.847998
vt 0.217130 0.853277
vt 0.186009 0.856541
vt 0.189975 0.849462
vt 0.193454 0.842335
vt 0.196090 0.835438
vt 0.208201 0.840345
vt 0.179317 0.843085
vt 0.182613 0.836311
vt 0.889327 0.890563
vt 0.891327 0.878306
vt 0.898670 0.878695
vt 0.897051 0.891088
vt 0.906216 0.879161
vt 0.904976 0.891579
vt 0.893295 0.866093
vt 0.900133 0.866258
vt 0.907364 0.866697
vt 0.914661 0.867145
vt 0.913773 0.879617
vt 0.901044 0.853593
vt 0.908039 0.853876
vt 0.915274 0.854281
vt 0.922564 0.854788
vt 0.921995 0.867760
vt 0.908533 0.841256
vt 0.915746 0.841573
vt 0.923081 0.841946
vt 0.930329 0.842284
vt 0.929776 0.855283
vt 0.915813 0.829084
vt 0.923242 0.829254
vt 0.930525 0.829292
vt 0.937549 0.829268
vt 0.937222 0.842495
vt 0.923191 0.816737
vt 0.930785 0.816871
vt 0.938209 0.816666
vt 0.945437 0.816622
vt 0.944516 0.829387
vt 0.931164 0.804839
vt 0.939049 0.804607
vt 0.946734 0.804462
vt 0.954170 0.804686
vt 0.952504 0.816948
vt 0.316832 0.921708
vt 0.318435 0.929051
vt 0.306258 0.930817
vt 0.304499 0.922960
vt 0.303522 0.914831
vt 0.315913 0.914215
vt 0.303046 0.906482
vt 0.315575 0.906482
vt 0.292030 0.924567
vt 0.290914 0.915883
vt 0.290312 0.906869
vt 0.290047 0.897816
vt 0.302930 0.898135
vt 0.278100 0.917532
vt 0.277478 0.907727
vt 0.277171 0.897778
vt 0.277483 0.887654
vt 0.290515 0.888740
vt 0.264757 0.908738
vt 0.264508 0.897948
vt 0.264634 0.886807
vt 0.266092 0.875948
vt 0.278950 0.877890
vt 0.252295 0.898291
vt 0.252473 0.886136
vt 0.253991 0.873966
vt 0.256477 0.862393
vt 0.268308 0.865502
vt 0.168479 0.062712
vt 0.156351 0.064519
vt 0.153927 0.052914
vt 0.167251 0.050818
vt 0.180334 0.050297
vt 0.180310 0.062090
vt 0.193257 0.050983
vt 0.192025 0.063092
vt 0.165841 0.038515
vt 0.180241 0.037803
vt 0.194521 0.038508
vt 0.208800 0.040590
vt 0.206187 0.052784
vt 0.180048 0.024845
vt 0.195745 0.025642
vt 0.211281 0.027767
vt 0.226527 0.031434
vt 0.222751 0.043891
vt 0.196860 0.013008
vt 0.213657 0.015337
vt 0.230224 0.019403
vt 0.246227 0.025206
vt 0.241456 0.036727
vt 0.215907 0.003739
vt 0.233694 0.008067
vt 0.250764 0.014236
vt 0.267260 0.022249
vt 0.261756 0.032642
vt 0.748297 0.411409
vt 0.742718 0.426868
vt 0.731459 0.421612
vt 0.737291 0.405219
vt 0.744345 0.389901
vt 0.754866 0.396886
vt 0.272299 0.012773
vt 0.288993 0.023009
vt 0.282947 0.031814
vt 0.725591 0.399753
vt 0.733094 0.383698
vt 0.741688 0.368707
vt 0.752541 0.375644
vt 0.766551 0.369000
vt 0.775153 0.383536
vt 0.763905 0.389844
vt 0.755752 0.376024
vt 0.721501 0.378052
vt 0.730379 0.362520
vt 0.777769 0.362671
vt 0.786681 0.377728
vt 0.794581 0.393608
vt 0.782744 0.398737
vt 0.789409 0.357221
vt 0.798486 0.372826
vt 0.806785 0.389117
vt 0.813693 0.407851
vt 0.801381 0.411413
vt 0.631024 0.868674
vt 0.631310 0.846594
vt 0.642562 0.847082
vt 0.642088 0.869835
vt 0.818824 0.385643
vt 0.825985 0.404887
vt 0.831947 0.424201
vt 0.819400 0.426710
vt 0.642654 0.891766
vt 0.654298 0.870641
vt 0.654694 0.892948
vt 0.654444 0.915085
vt 0.642098 0.913403
vt 0.844392 0.422573
vt 0.849144 0.444080
vt 0.836776 0.445291
vt 0.667142 0.893794
vt 0.667148 0.916222
vt 0.856433 0.421379
vt 0.861096 0.443288
vt 0.865080 0.465404
vt 0.853022 0.465928
vt 0.667543 0.937154
vt 0.680054 0.916611
vt 0.680439 0.937718
vt 0.680700 0.958277
vt 0.667802 0.957538
vt 0.876307 0.465333
vt 0.878450 0.488553
vt 0.867315 0.488464
vt 0.693437 0.937642
vt 0.693773 0.958196
vt 0.132110 0.551083
vt 0.121613 0.551075
vt 0.123725 0.527744
vt 0.134146 0.527745
vt 0.124675 0.504296
vt 0.135146 0.504285
vt 0.110464 0.550832
vt 0.112622 0.527607
vt 0.113566 0.504292
vt 0.112877 0.480932
vt 0.124030 0.480765
vt 0.100661 0.527220
vt 0.101507 0.504238
vt 0.100879 0.481280
vt 0.098796 0.458594
vt 0.110772 0.457870
vt 0.088980 0.504186
vt 0.088336 0.481770
vt 0.086370 0.459587
vt 0.083206 0.437586
vt 0.095711 0.436075
vt 0.075528 0.482369
vt 0.073645 0.460834
vt 0.070592 0.439393
vt 0.066047 0.419054
vt 0.078558 0.416643
vt 0.060778 0.462415
vt 0.057720 0.441869
vt 0.053539 0.422155
vt 0.047898 0.402831
vt 0.060415 0.398809
vt 0.045028 0.444382
vt 0.041065 0.425533
vt 0.035669 0.407051
vt 0.029398 0.390047
vt 0.041373 0.385050
vt 0.029032 0.429403
vt 0.023884 0.412058
vt 0.017968 0.395773
vt 0.010726 0.380231
vt 0.021808 0.373581
vt 0.012709 0.417492
vt 0.007278 0.402104
vt 0.000443 0.387435
vt 0.389650 0.273114
vt 0.400338 0.287883
vt 0.391773 0.294557
vt 0.380337 0.279008
vt 0.380985 0.257192
vt 0.391616 0.251885
vt 0.399680 0.266770
vt 0.409561 0.280556
vt 0.420748 0.293239
vt 0.412154 0.301562
vt 0.410561 0.259960
vt 0.419560 0.272751
vt 0.429820 0.284404
vt 0.441094 0.295014
vt 0.432915 0.304676
vt 0.429701 0.264821
vt 0.439162 0.275348
vt 0.449401 0.285038
vt 0.460578 0.293893
vt 0.453379 0.304647
vt 0.447969 0.266818
vt 0.457304 0.275712
vt 0.467485 0.283739
vt 0.478418 0.290417
vt 0.472582 0.301310
vt 0.464731 0.266931
vt 0.473902 0.274077
vt 0.483933 0.280022
vt 0.195005 0.788799
vt 0.203243 0.780765
vt 0.211405 0.789762
vt 0.202354 0.798493
vt 0.186558 0.796150
vt 0.179197 0.785814
vt 0.187092 0.779104
vt 0.194695 0.771703
vt 0.202001 0.763888
vt 0.211089 0.772165
vt 0.178573 0.769612
vt 0.185700 0.762896
vt 0.192425 0.755663
vt 0.198502 0.747830
vt 0.208994 0.755386
vt 0.176415 0.754113
vt 0.182493 0.747516
vt 0.187979 0.740365
vt 0.192864 0.732743
vt 0.203765 0.739569
vt 0.172553 0.739509
vt 0.177623 0.732919
vt 0.182217 0.725938
vt 0.186286 0.718716
vt 0.197324 0.724936
vt 0.167589 0.725662
vt 0.172051 0.719223
vt 0.175883 0.712372
vt 0.179490 0.705432
vt 0.190105 0.711376
vt 0.162188 0.712549
vt 0.165928 0.706106
vt 0.169451 0.699501
vt 0.172407 0.692946
vt 0.182958 0.698471
vt 0.156927 0.700072
vt 0.160303 0.693617
vt 0.267253 0.603055
vt 0.268902 0.590468
vt 0.275420 0.591079
vt 0.273905 0.603834
vt 0.282187 0.591617
vt 0.280894 0.604563
vt 0.270108 0.577730
vt 0.276585 0.578206
vt 0.283200 0.578644
vt 0.289945 0.579023
vt 0.288966 0.591966
vt 0.276981 0.565374
vt 0.283801 0.565735
vt 0.290587 0.566165
vt 0.297616 0.566628
vt 0.297018 0.579407
vt 0.283975 0.552922
vt 0.290965 0.553397
vt 0.298139 0.553999
vt 0.305656 0.554474
vt 0.304908 0.567060
vt 0.290972 0.541043
vt 0.298508 0.541881
vt 0.306423 0.542454
vt 0.314405 0.543086
vt 0.313272 0.555032
vt 0.298706 0.530498
vt 0.307173 0.531134
vt 0.315655 0.531792
vt 0.324030 0.532357
vt 0.322273 0.543623
vt 0.307861 0.520513
vt 0.316966 0.521135
vt 0.325980 0.521745
vt 0.309378 0.493064
vt 0.306567 0.485326
vt 0.318970 0.482347
vt 0.321601 0.489576
vt 0.312549 0.499889
vt 0.300657 0.505032
vt 0.297210 0.497486
vt 0.294202 0.489101
vt 0.291631 0.480289
vt 0.304197 0.477245
vt 0.285307 0.502660
vt 0.282057 0.493369
vt 0.279294 0.483794
vt 0.276936 0.473647
vt 0.289634 0.471004
vt 0.270497 0.498500
vt 0.267577 0.488075
vt 0.264929 0.476832
vt 0.263591 0.465351
vt 0.275608 0.463241
vt 0.074150 0.234188
vt 0.080255 0.244724
vt 0.070464 0.250956
vt 0.063684 0.239429
vt 0.058331 0.227221
vt 0.069325 0.223224
vt 0.054526 0.214570
vt 0.065901 0.211661
vt 0.052701 0.244980
vt 0.046849 0.231493
vt 0.042608 0.217670
vt 0.039715 0.203467
vt 0.051904 0.201563
vt 0.034814 0.236052
vt 0.030155 0.220959
vt 0.027008 0.205527
vt 0.025290 0.189881
vt 0.038197 0.189108
vt 0.017870 0.224227
vt 0.014374 0.207602
vt 0.012607 0.190739
vt 0.012516 0.173648
vt 0.025084 0.174098
vt 0.002383 0.209600
vt 0.000565 0.191492
vt 0.000443 0.173193
vt 0.001937 0.155015
vt 0.013948 0.156650
vt 0.856388 0.764907
vt 0.854994 0.782937
vt 0.842905 0.781806
vt 0.844395 0.762710
vt 0.847268 0.744022
vt 0.859119 0.747270
vt 0.851120 0.726034
vt 0.862662 0.730323
vt 0.831778 0.760825
vt 0.834741 0.741041
vt 0.838958 0.722246
vt 0.844372 0.703855
vt 0.856365 0.708550
vt 0.822054 0.738442
vt 0.826396 0.718856
vt 0.832080 0.699688
vt 0.838557 0.682165
vt 0.850601 0.686955
vt 0.813796 0.716096
vt 0.819430 0.696131
vt 0.826279 0.678158
vt 0.834204 0.660585
vt 0.846336 0.665299
vt 0.607925 0.848046
vt 0.608415 0.869573
vt 0.597132 0.871384
vt 0.596608 0.849351
vt 0.597233 0.827224
vt 0.608383 0.826444
vt 0.596583 0.804505
vt 0.607811 0.804407
vt 0.584440 0.850294
vt 0.584847 0.827670
vt 0.584467 0.804563
vt 0.584456 0.781494
vt 0.596554 0.781895
vt 0.572128 0.828128
vt 0.571933 0.804641
vt 0.571898 0.781267
vt 0.571722 0.758163
vt 0.584265 0.758692
vt 0.559053 0.804689
vt 0.559022 0.781211
vt 0.558879 0.757994
vt 0.558665 0.735272
vt 0.571560 0.735532
vt 0.545976 0.781312
vt 0.545874 0.758132
vt 0.545664 0.735419
vt 0.545344 0.713022
vt 0.558502 0.712801
vt 0.532908 0.758483
vt 0.532704 0.735908
vt 0.532251 0.713690
vt 0.532126 0.693068
vt 0.545076 0.692312
vt 0.520117 0.737065
vt 0.519615 0.715228
vt 0.602541 0.583780
vt 0.590623 0.583050
vt 0.594006 0.560758
vt 0.605891 0.561160
vt 0.596482 0.538104
vt 0.608512 0.538171
vt 0.578137 0.581845
vt 0.581689 0.560067
vt 0.583953 0.537769
vt 0.584444 0.515200
vt 0.596840 0.515079
vt 0.569068 0.559029
vt 0.571343 0.537282
vt 0.571704 0.515314
vt 0.571094 0.493437
vt 0.583932 0.492748
vt 0.558326 0.536621
vt 0.558748 0.515454
vt 0.558004 0.494376
vt 0.556172 0.473565
vt 0.569042 0.471958
vt 0.545837 0.515596
vt 0.545095 0.495366
vt 0.543256 0.475345
vt 0.540217 0.455652
vt 0.552970 0.453029
vt 0.532495 0.496384
vt 0.530810 0.477353
vt 0.527816 0.458566
vt 0.523886 0.440450
vt 0.535965 0.436550
vt 0.518930 0.479549
vt 0.516030 0.461804
vt 0.512352 0.444773
vt 0.507295 0.428363
vt 0.518529 0.422966
vt 0.503775 0.003828
vt 0.521543 0.001206
vt 0.522880 0.013265
vt 0.506262 0.015788
vt 0.489967 0.019982
vt 0.486270 0.008466
vt 0.474329 0.025926
vt 0.469490 0.014741
vt 0.508864 0.028384
vt 0.493948 0.032282
vt 0.479452 0.037687
vt 0.465513 0.044573
vt 0.459297 0.033351
vt 0.497888 0.044610
vt 0.484502 0.049627
vt 0.471766 0.055894
vt 0.459684 0.063394
vt 0.452442 0.052797
vt 0.489301 0.060655
vt 0.477535 0.066334
vt 0.466565 0.073435
vt 0.456443 0.081273
vt 0.448561 0.072042
vt 0.482985 0.076087
vt 0.473154 0.082836
vt 0.463986 0.090140
vt 0.455166 0.097709
vt 0.446906 0.089952
vt 0.904343 0.488943
vt 0.895129 0.492894
vt 0.891285 0.480679
vt 0.899550 0.476958
vt 0.907735 0.472842
vt 0.913293 0.484529
vt 0.916266 0.467970
vt 0.922701 0.478838
vt 0.893752 0.465274
vt 0.901287 0.461465
vt 0.909115 0.457010
vt 0.916849 0.451831
vt 0.924593 0.461874
vt 0.894261 0.450736
vt 0.901582 0.446495
vt 0.908750 0.441738
vt 0.915378 0.435920
vt 0.924243 0.445279
vt 0.893706 0.436498
vt 0.900339 0.432083
vt 0.906182 0.426909
vt 0.911488 0.420677
vt 0.921113 0.429191
vt 0.891548 0.423331
vt 0.897032 0.418496
vt 0.902090 0.412710
vt 0.906855 0.406458
vt 0.916520 0.413987
vt 0.887896 0.410370
vt 0.892768 0.404933
vt 0.897519 0.399301
vt 0.901822 0.393159
vt 0.911520 0.400093
vt 0.883873 0.398045
vt 0.888695 0.392670
vt 0.893056 0.386782
vt 0.897090 0.380542
vt 0.905922 0.386778
vt 0.880396 0.386532
vt 0.884826 0.380771
vt 0.888799 0.374537
vt 0.892703 0.368286
vt 0.901032 0.374269
vt 0.893579 0.605324
vt 0.889662 0.599080
vt 0.898423 0.592914
vt 0.902418 0.599188
vt 0.906142 0.605583
vt 0.897412 0.611591
vt 0.881159 0.707837
vt 0.887420 0.707679
vt 0.888113 0.720242
vt 0.882043 0.720330
vt 0.911772 0.592940
vt 0.915534 0.599515
vt 0.918882 0.606096
vt 0.909331 0.612002
vt 0.886047 0.695350
vt 0.893058 0.694885
vt 0.894282 0.707391
vt 0.925757 0.593354
vt 0.929276 0.600193
vt 0.883959 0.683285
vt 0.891243 0.682795
vt 0.898616 0.682509
vt 0.900131 0.694572
vt 0.932174 0.607060
vt 0.940467 0.594494
vt 0.943712 0.601912
vt 0.946478 0.609531
vt 0.934778 0.614017
vt 0.948214 0.617096
vt 0.936661 0.621077
vt 0.955416 0.597148
vt 0.958391 0.605432
vt 0.960131 0.613440
vt 0.903690 0.660585
vt 0.912800 0.660867
vt 0.913486 0.671356
vt 0.904933 0.671489
vt 0.970695 0.602032
vt 0.972835 0.610905
vt 0.973898 0.619571
vt 0.961084 0.621469
vt 0.376579 0.697107
vt 0.383812 0.701484
vt 0.376574 0.712297
vt 0.369940 0.708232
vt 0.985466 0.608665
vt 0.986855 0.618130
vt 0.382616 0.685553
vt 0.390608 0.690311
vt 0.398305 0.695813
vt 0.390867 0.706429
vt 0.387203 0.673651
vt 0.396141 0.678784
vt 0.404822 0.684823
vt 0.413252 0.691712
vt 0.406144 0.701907
vt 0.267451 0.262794
vt 0.275396 0.253743
vt 0.284866 0.260728
vt 0.276110 0.270812
vt 0.266538 0.279945
vt 0.258712 0.270998
vt 0.256163 0.288122
vt 0.249250 0.278644
vt 0.285196 0.279196
vt 0.274765 0.289255
vt 0.263371 0.298257
vt 0.251038 0.305943
vt 0.244840 0.295294
vt 0.283299 0.298933
vt 0.270792 0.308787
vt 0.257300 0.317191
vt 0.243001 0.324161
vt 0.237766 0.312453
vt 0.277894 0.319032
vt 0.263440 0.328208
vt 0.248055 0.335756
vt 0.232108 0.341846
vt 0.228230 0.329774
vt 0.269250 0.338712
vt 0.252765 0.346728
vt 0.235705 0.353439
vt 0.218016 0.358029
vt 0.215638 0.346193
vt 0.385840 0.497088
vt 0.384346 0.479015
vt 0.396155 0.476673
vt 0.397787 0.495805
vt 0.398782 0.515204
vt 0.386689 0.515335
vt 0.398061 0.534404
vt 0.385899 0.533367
vt 0.410500 0.494645
vt 0.411471 0.515027
vt 0.410927 0.535351
vt 0.408894 0.555309
vt 0.396289 0.553403
vt 0.424381 0.514836
vt 0.423757 0.536128
vt 0.421670 0.557032
vt 0.418302 0.577717
vt 0.405653 0.575118
vt 0.436880 0.536962
vt 0.434497 0.558544
vt 0.431157 0.579975
vt 0.426495 0.600495
vt 0.413842 0.597545
vt 0.447264 0.559777
vt 0.443850 0.581810
vt 0.439042 0.602924
vt 0.433128 0.623350
vt 0.420795 0.620383
vt 0.456208 0.583103
vt 0.451204 0.604613
vt 0.445227 0.625480
vt 0.937886 0.220380
vt 0.937985 0.198142
vt 0.950125 0.197053
vt 0.950001 0.218928
vt 0.937640 0.241725
vt 0.925127 0.243116
vt 0.925344 0.221488
vt 0.925460 0.198921
vt 0.925514 0.175898
vt 0.937989 0.175411
vt 0.912486 0.221987
vt 0.912599 0.199290
vt 0.912624 0.176134
vt 0.912579 0.152680
vt 0.925462 0.152510
vt 0.899540 0.199348
vt 0.899575 0.176228
vt 0.899480 0.152823
vt 0.899340 0.129444
vt 0.912343 0.129295
vt 0.886528 0.176201
vt 0.886383 0.152905
vt 0.886399 0.129658
vt 0.886024 0.106291
vt 0.899073 0.106029
vt 0.873708 0.152963
vt 0.873747 0.130038
vt 0.873266 0.107154
vt 0.873224 0.085086
vt 0.885835 0.084022
vt 0.861512 0.130479
vt 0.860873 0.108114
vt 0.861005 0.086467
vt 0.860233 0.064888
vt 0.872558 0.063000
vt 0.788552 0.247379
vt 0.781722 0.267074
vt 0.769633 0.263921
vt 0.776249 0.244724
vt 0.781994 0.225352
vt 0.794428 0.227391
vt 0.785916 0.204361
vt 0.798551 0.205785
vt 0.763866 0.241175
vt 0.769208 0.222452
vt 0.773159 0.202459
vt 0.775850 0.181997
vt 0.788761 0.183151
vt 0.756574 0.219324
vt 0.760331 0.200249
vt 0.762985 0.180705
vt 0.764144 0.160642
vt 0.777039 0.160946
vt 0.747845 0.197676
vt 0.750389 0.179079
vt 0.751536 0.160202
vt 0.751142 0.140992
vt 0.763685 0.140459
vt 0.738300 0.177215
vt 0.739454 0.159547
vt 0.739231 0.141462
vt 0.737978 0.123467
vt 0.749858 0.121838
vt 0.716383 0.204452
vt 0.712998 0.222218
vt 0.701312 0.219230
vt 0.704516 0.202762
vt 0.706074 0.186085
vt 0.718046 0.186474
vt 0.705930 0.169404
vt 0.717912 0.168503
vt 0.691813 0.200801
vt 0.693207 0.185452
vt 0.693047 0.170152
vt 0.691525 0.155000
vt 0.704322 0.152935
vt 0.680248 0.184807
vt 0.680091 0.170832
vt 0.678762 0.156987
vt 0.676113 0.143434
vt 0.688601 0.140113
vt 0.667680 0.171552
vt 0.666305 0.158932
vt 0.664085 0.146443
vt 0.660879 0.134239
vt 0.672281 0.129963
vt 0.654738 0.160677
vt 0.652669 0.149186
vt 0.649838 0.138087
vt 0.645715 0.127405
vt 0.656010 0.122203
vt 0.245469 0.851934
vt 0.241244 0.862054
vt 0.229216 0.858142
vt 0.233045 0.848731
vt 0.236390 0.839917
vt 0.249103 0.842079
vt 0.238826 0.830752
vt 0.251408 0.831485
vt 0.220552 0.844813
vt 0.223572 0.836657
vt 0.225989 0.828476
vt 0.226997 0.820176
vt 0.239664 0.821416
vt 0.210821 0.832933
vt 0.213100 0.825410
vt 0.214410 0.818021
vt 0.362578 0.920138
vt 0.369895 0.916849
vt 0.376117 0.927724
vt 0.368137 0.931624
vt 0.920725 0.903652
vt 0.911900 0.903376
vt 0.912902 0.891940
vt 0.920973 0.892526
vt 0.929326 0.892707
vt 0.929962 0.903455
vt 0.363464 0.906299
vt 0.370235 0.902639
vt 0.377167 0.912807
vt 0.921444 0.880334
vt 0.929202 0.880799
vt 0.937094 0.880781
vt 0.937800 0.892530
vt 0.944780 0.880743
vt 0.946045 0.892505
vt 0.929346 0.868277
vt 0.936657 0.868508
vt 0.943822 0.868623
vt 0.950947 0.868550
vt 0.952264 0.880639
vt 0.936773 0.855680
vt 0.943634 0.855864
vt 0.950507 0.855862
vt 0.957185 0.855837
vt 0.957853 0.868430
vt 0.943962 0.842642
vt 0.950590 0.842782
vt 0.956924 0.842855
vt 0.963068 0.842968
vt 0.963223 0.855904
vt 0.951379 0.829689
vt 0.957710 0.829883
vt 0.350422 0.908306
vt 0.339339 0.907498
vt 0.339655 0.900267
vt 0.350361 0.901204
vt 0.340092 0.893022
vt 0.350959 0.893997
vt 0.327810 0.906852
vt 0.328142 0.899413
vt 0.328664 0.892010
vt 0.329478 0.884655
vt 0.340749 0.885796
vt 0.315666 0.898683
vt 0.316334 0.890958
vt 0.317378 0.883262
vt 0.319014 0.875703
vt 0.331000 0.877479
vt 0.303498 0.889836
vt 0.304758 0.881617
vt 0.306471 0.873536
vt 0.308382 0.865472
vt 0.320809 0.868125
vt 0.291876 0.879856
vt 0.293745 0.871198
vt 0.295791 0.862559
vt 0.298014 0.853965
vt 0.310461 0.857514
vt 0.280969 0.868381
vt 0.283177 0.858995
vt 0.285604 0.849686
vt 0.288526 0.840693
vt 0.300554 0.845763
vt 0.270824 0.855251
vt 0.273415 0.845276
vt 0.276742 0.835313
vt 0.281197 0.825993
vt 0.292403 0.832430
vt 0.261924 0.840328
vt 0.265888 0.829332
vt 0.270670 0.819075
vt 0.227334 0.071027
vt 0.238006 0.076353
vt 0.232517 0.085978
vt 0.222993 0.080842
vt 0.215727 0.067114
vt 0.219169 0.055758
vt 0.231913 0.060101
vt 0.243828 0.065910
vt 0.255117 0.072940
vt 0.248306 0.082732
vt 0.236601 0.048605
vt 0.249823 0.054999
vt 0.262136 0.062617
vt 0.273599 0.071524
vt 0.265561 0.081143
vt 0.255877 0.043617
vt 0.269353 0.051962
vt 0.281903 0.061689
vt 0.293499 0.072542
vt 0.284217 0.081460
vt 0.276364 0.041563
vt 0.289933 0.052156
vt 0.302512 0.063850
vt 0.313749 0.076826
vt 0.303995 0.084490
vt 0.297446 0.043286
vt 0.311026 0.055599
vt 0.322879 0.069534
vt 0.333761 0.084452
vt 0.323874 0.090803
vt 0.766220 0.426031
vt 0.760059 0.410843
vt 0.770916 0.404331
vt 0.777222 0.420442
vt 0.782157 0.437419
vt 0.770939 0.442079
vt 0.786548 0.455585
vt 0.775055 0.459226
vt 0.789121 0.415702
vt 0.794240 0.433357
vt 0.798761 0.452419
vt 0.802143 0.471892
vt 0.789631 0.474168
vt 0.806654 0.429799
vt 0.811324 0.449580
vt 0.814840 0.469798
vt 0.817086 0.490726
vt 0.804244 0.491918
vt 0.824080 0.447197
vt 0.827769 0.468056
vt 0.830059 0.489763
vt 0.831079 0.511602
vt 0.818042 0.511780
vt 0.840523 0.466722
vt 0.842852 0.489044
vt 0.843872 0.511557
vt 0.843410 0.534364
vt 0.830615 0.533739
vt 0.855292 0.488645
vt 0.856316 0.511621
vt 0.855828 0.534819
vt 0.853832 0.557777
vt 0.841462 0.556855
vt 0.868339 0.511735
vt 0.867812 0.535236
vt 0.865816 0.558497
vt 0.862998 0.581656
vt 0.850840 0.580567
vt 0.879001 0.535551
vt 0.876953 0.558911
vt 0.874138 0.582156
vt 0.063723 0.906439
vt 0.063633 0.884913
vt 0.076529 0.884243
vt 0.076645 0.905710
vt 0.063548 0.926120
vt 0.050556 0.926168
vt 0.050577 0.906545
vt 0.050621 0.885052
vt 0.050474 0.863341
vt 0.063717 0.863175
vt 0.037502 0.906065
vt 0.037673 0.884694
vt 0.037280 0.863295
vt 0.037434 0.840306
vt 0.050389 0.840340
vt 0.025045 0.883578
vt 0.024678 0.862346
vt 0.024818 0.839834
vt 0.024382 0.817302
vt 0.036972 0.817450
vt 0.012380 0.861095
vt 0.012627 0.839078
vt 0.012010 0.816946
vt 0.012415 0.794517
vt 0.024583 0.794303
vt 0.001031 0.838054
vt 0.000443 0.816568
vt 0.000824 0.794684
vt 0.000681 0.772867
vt 0.012182 0.772073
vt 0.180762 0.659765
vt 0.171145 0.676274
vt 0.159643 0.670223
vt 0.169058 0.654541
vt 0.177536 0.638123
vt 0.189568 0.642759
vt 0.184722 0.620283
vt 0.197071 0.624070
vt 0.157495 0.648808
vt 0.165623 0.633111
vt 0.172419 0.616160
vt 0.177723 0.598057
vt 0.190285 0.601420
vt 0.154008 0.627379
vt 0.160432 0.611402
vt 0.165616 0.594181
vt 0.169817 0.576196
vt 0.182184 0.579296
vt 0.149087 0.605988
vt 0.154181 0.589822
vt 0.158148 0.572805
vt 0.161363 0.555302
vt 0.173325 0.557626
vt 0.454812 0.334481
vt 0.439371 0.324798
vt 0.446201 0.315135
vt 0.460465 0.324168
vt 0.475653 0.331294
vt 0.471089 0.342426
vt 0.491178 0.337013
vt 0.487737 0.348526
vt 0.466516 0.312786
vt 0.480434 0.319307
vt 0.494916 0.324661
vt 0.509955 0.328645
vt 0.507527 0.341116
vt 0.485308 0.307332
vt 0.498632 0.312244
vt 0.512364 0.315933
vt 0.526543 0.318054
vt 0.525352 0.330949
vt 0.502053 0.300455
vt 0.514694 0.303912
vt 0.527757 0.305875
vt 0.540599 0.306345
vt 0.540677 0.318597
vt 0.235509 0.759205
vt 0.228026 0.770090
vt 0.218810 0.762944
vt 0.225495 0.753079
vt 0.231369 0.743115
vt 0.242113 0.748268
vt 0.236681 0.732816
vt 0.247907 0.736772
vt 0.214829 0.746467
vt 0.220101 0.737356
vt 0.225030 0.728095
vt 0.229361 0.718549
vt 0.241315 0.722266
vt 0.208628 0.731179
vt 0.213216 0.722685
vt 0.217276 0.714056
vt 0.220751 0.705197
vt 0.233133 0.708826
vt 0.201535 0.717082
vt 0.205338 0.709206
vt 0.208560 0.701178
vt 0.210645 0.693103
vt 0.223025 0.696302
vt 0.193736 0.703960
vt 0.196722 0.696617
vt 0.198627 0.689314
vt 0.199721 0.681755
vt 0.211721 0.684986
vt 0.284381 0.629221
vt 0.276310 0.628481
vt 0.278741 0.616666
vt 0.286255 0.617169
vt 0.293952 0.617300
vt 0.292690 0.629340
vt 0.301782 0.617476
vt 0.300993 0.629437
vt 0.287927 0.604851
vt 0.295096 0.604917
vt 0.302557 0.605259
vt 0.310150 0.605584
vt 0.309685 0.617802
vt 0.296066 0.592255
vt 0.303357 0.592643
vt 0.310731 0.593090
vt 0.318037 0.593557
vt 0.317694 0.605961
vt 0.304169 0.579876
vt 0.311481 0.580354
vt 0.318777 0.580861
vt 0.325660 0.581095
vt 0.325138 0.594010
vt 0.312300 0.567534
vt 0.319644 0.568008
vt 0.326633 0.568251
vt 0.333510 0.568448
vt 0.332359 0.581170
vt 0.320770 0.555558
vt 0.328032 0.555731
vt 0.335213 0.555990
vt 0.342104 0.556237
vt 0.340075 0.568585
vt 0.329870 0.543715
vt 0.337453 0.543961
vt 0.344893 0.544512
vt 0.327425 0.466192
vt 0.326465 0.458470
vt 0.338437 0.458247
vt 0.339557 0.465445
vt 0.329147 0.473210
vt 0.316746 0.474876
vt 0.315124 0.467278
vt 0.314088 0.459082
vt 0.313440 0.450595
vt 0.325977 0.450466
vt 0.302501 0.468763
vt 0.301370 0.460066
vt 0.300638 0.451051
vt 0.300506 0.441868
vt 0.313337 0.442140
vt 0.288463 0.461537
vt 0.287668 0.451724
vt 0.287560 0.441656
vt 0.288276 0.431621
vt 0.301142 0.432702
vt 0.274869 0.452490
vt 0.274837 0.441414
vt 0.275481 0.430420
vt 0.276755 0.419734
vt 0.289472 0.421766
vt 0.262778 0.441360
vt 0.263314 0.429259
vt 0.264720 0.417429
vt 0.266748 0.405859
vt 0.278493 0.409110
vt 0.062160 0.175791
vt 0.062155 0.187736
vt 0.050454 0.188443
vt 0.050326 0.175140
vt 0.051508 0.162114
vt 0.063247 0.163965
vt 0.054063 0.149155
vt 0.065446 0.152100
vt 0.038076 0.174572
vt 0.039329 0.160307
vt 0.042022 0.146011
vt 0.046252 0.132062
vt 0.057643 0.136366
vt 0.026502 0.158427
vt 0.029645 0.142936
vt 0.034221 0.127643
vt 0.040278 0.112761
vt 0.051984 0.118287
vt 0.017359 0.139891
vt 0.022325 0.123468
vt 0.029006 0.107490
vt 0.037276 0.092261
vt 0.048001 0.098839
vt 0.010998 0.119464
vt 0.018286 0.102496
vt 0.027002 0.086174
vt 0.037776 0.071262
vt 0.047348 0.078361
vt 0.880272 0.683891
vt 0.873189 0.698440
vt 0.862300 0.692280
vt 0.869658 0.676899
vt 0.017524 0.080657
vt 0.028899 0.064898
vt 0.041252 0.050057
vt 0.049548 0.057425
vt 0.746505 0.638880
vt 0.754866 0.653241
vt 0.743991 0.660462
vt 0.735326 0.645266
vt 0.727686 0.629543
vt 0.739275 0.623760
vt 0.721097 0.612212
vt 0.733026 0.607485
vt 0.723723 0.651169
vt 0.715796 0.634626
vt 0.708962 0.616535
vt 0.703324 0.597562
vt 0.715749 0.594009
vt 0.703674 0.639043
vt 0.696599 0.620275
vt 0.690710 0.600651
vt 0.685792 0.580368
vt 0.698645 0.577884
vt 0.684291 0.623378
vt 0.678196 0.603211
vt 0.673112 0.582345
vt 0.669496 0.560333
vt 0.682167 0.558998
vt 0.665995 0.605063
vt 0.660711 0.583772
vt 0.657221 0.561306
vt 0.654646 0.538518
vt 0.667118 0.537852
vt 0.648680 0.584804
vt 0.645313 0.562061
vt 0.642516 0.539014
vt 0.642142 0.515661
vt 0.654079 0.515464
vt 0.570744 0.672116
vt 0.570945 0.692584
vt 0.558065 0.692109
vt 0.557779 0.671561
vt 0.631416 0.539325
vt 0.631076 0.515832
vt 0.631008 0.492285
vt 0.642075 0.492300
vt 0.629968 0.514350
vt 0.630000 0.537833
vt 0.619535 0.538150
vt 0.619741 0.514660
vt 0.619647 0.491125
vt 0.630122 0.490810
vt 0.695435 0.673914
vt 0.694771 0.692919
vt 0.681828 0.692806
vt 0.682307 0.673635
vt 0.608780 0.514893
vt 0.608705 0.491492
vt 0.605848 0.468535
vt 0.616771 0.467958
vt 0.602514 0.445650
vt 0.613472 0.444921
vt 0.596527 0.492126
vt 0.594016 0.469454
vt 0.590624 0.446914
vt 0.585457 0.425191
vt 0.597185 0.423600
vt 0.581775 0.470572
vt 0.578305 0.448562
vt 0.573324 0.427256
vt 0.567159 0.406703
vt 0.579194 0.404177
vt 0.565792 0.450568
vt 0.560917 0.429836
vt 0.554922 0.409867
vt 0.547666 0.390967
vt 0.559676 0.387283
vt 0.548380 0.433075
vt 0.542542 0.413841
vt 0.535638 0.395636
vt 0.527486 0.378734
vt 0.539213 0.373465
vt 0.530338 0.418127
vt 0.523789 0.400718
vt 0.515941 0.384539
vt 0.506948 0.369812
vt 0.518098 0.363240
vt 0.512295 0.406528
vt 0.504866 0.391245
vt 0.496355 0.377222
vt 0.000443 0.640482
vt 0.008708 0.626537
vt 0.019739 0.633022
vt 0.011113 0.647775
vt 0.431787 0.023307
vt 0.447884 0.012994
vt 0.453423 0.022776
vt 0.438218 0.032460
vt 0.424037 0.043782
vt 0.416826 0.035417
vt 0.410862 0.056281
vt 0.402801 0.048607
vt 0.445120 0.042291
vt 0.431844 0.052791
vt 0.419528 0.064501
vt 0.408458 0.077511
vt 0.399057 0.070203
vt 0.440151 0.062312
vt 0.428799 0.073154
vt 0.418425 0.085147
vt 0.409410 0.098118
vt 0.398530 0.091412
vt 0.438140 0.081813
vt 0.428554 0.092767
vt 0.420282 0.104714
vt 0.413466 0.117396
vt 0.401900 0.111895
vt 0.438140 0.100016
vt 0.430691 0.110892
vt 0.424434 0.122589
vt 0.419433 0.134870
vt 0.408086 0.130803
vt 0.440497 0.116671
vt 0.434798 0.127463
vt 0.947727 0.473580
vt 0.940621 0.464200
vt 0.948833 0.455596
vt 0.956850 0.464255
vt 0.956234 0.446561
vt 0.965249 0.454382
vt 0.932774 0.454763
vt 0.940084 0.446776
vt 0.946591 0.438439
vt 0.952849 0.429920
vt 0.963114 0.437307
vt 0.930679 0.437919
vt 0.936567 0.430174
vt 0.942253 0.422313
vt 0.947570 0.414371
vt 0.958616 0.421251
vt 0.926502 0.422001
vt 0.931683 0.414668
vt 0.936655 0.407288
vt 0.941359 0.399795
vt 0.952574 0.406281
vt 0.921391 0.407200
vt 0.925986 0.400324
vt 0.930307 0.393308
vt 0.934393 0.386181
vt 0.945615 0.392178
vt 0.915844 0.393482
vt 0.919889 0.386778
vt 0.923677 0.380059
vt 0.926677 0.373301
vt 0.937547 0.379033
vt 0.909912 0.380354
vt 0.913323 0.373956
vt 0.916081 0.367478
vt 0.894322 0.745731
vt 0.901133 0.745637
vt 0.900320 0.758166
vt 0.892873 0.758125
vt 0.887623 0.745665
vt 0.888028 0.732926
vt 0.894717 0.732895
vt 0.901440 0.732831
vt 0.908522 0.732800
vt 0.908436 0.745681
vt 0.894846 0.720095
vt 0.901601 0.720001
vt 0.908416 0.719925
vt 0.915560 0.719832
vt 0.915748 0.732764
vt 0.901132 0.707185
vt 0.907950 0.707167
vt 0.915170 0.707074
vt 0.922571 0.706998
vt 0.922791 0.719779
vt 0.907211 0.694625
vt 0.914682 0.694606
vt 0.922364 0.694449
vt 0.930047 0.694385
vt 0.929971 0.706944
vt 0.914122 0.682537
vt 0.922218 0.682521
vt 0.930280 0.682501
vt 0.938163 0.682028
vt 0.937494 0.694023
vt 0.922076 0.671232
vt 0.930652 0.671279
vt 0.366320 0.734932
vt 0.374835 0.726202
vt 0.381119 0.730825
vt 0.372162 0.739393
vt 0.387287 0.736069
vt 0.377808 0.744384
vt 0.383151 0.716751
vt 0.389892 0.721709
vt 0.396604 0.727345
vt 0.402655 0.733855
vt 0.392810 0.742018
vt 0.398222 0.711926
vt 0.405560 0.718100
vt 0.412291 0.725334
vt 0.418234 0.733244
vt 0.408169 0.741128
vt 0.414047 0.708798
vt 0.421657 0.716672
vt 0.428279 0.725203
vt 0.434394 0.734100
vt 0.423960 0.741418
vt 0.430051 0.707827
vt 0.437837 0.717025
vt 0.444464 0.726861
vt 0.450576 0.737039
vt 0.440375 0.743299
vt 0.216417 0.294249
vt 0.227695 0.290305
vt 0.232646 0.301211
vt 0.220227 0.305592
vt 0.207651 0.308995
vt 0.204983 0.297620
vt 0.194734 0.310964
vt 0.193143 0.299318
vt 0.224175 0.317456
vt 0.210368 0.321065
vt 0.196243 0.323266
vt 0.181664 0.323997
vt 0.181482 0.311645
vt 0.213086 0.333826
vt 0.197624 0.336153
vt 0.181936 0.336897
vt 0.166245 0.336428
vt 0.167279 0.323423
vt 0.198983 0.348903
vt 0.182094 0.349708
vt 0.165110 0.349093
vt 0.148170 0.346586
vt 0.150668 0.334290
vt 0.182112 0.361745
vt 0.163936 0.361129
vt 0.145739 0.358285
vt 0.127849 0.353919
vt 0.131491 0.342362
vt 0.377653 0.586213
vt 0.381386 0.568959
vt 0.393166 0.572189
vt 0.389088 0.590444
vt 0.384151 0.608118
vt 0.372844 0.602867
vt 0.378087 0.624625
vt 0.367218 0.618287
vt 0.401305 0.594143
vt 0.396138 0.612658
vt 0.389727 0.630157
vt 0.381998 0.646246
vt 0.370703 0.639911
vt 0.408347 0.616798
vt 0.401586 0.635132
vt 0.393661 0.651945
vt 0.384792 0.667317
vt 0.373469 0.660916
vt 0.413768 0.639313
vt 0.405652 0.656757
vt 0.396430 0.672764
vt 0.846577 0.960112
vt 0.837474 0.943476
vt 0.849283 0.938460
vt 0.858164 0.954528
vt 0.961198 0.151913
vt 0.961181 0.173837
vt 0.950069 0.174774
vt 0.950168 0.152107
vt 0.949673 0.129606
vt 0.960888 0.129995
vt 0.949846 0.107205
vt 0.961235 0.108095
vt 0.938021 0.152319
vt 0.937720 0.129353
vt 0.937795 0.106481
vt 0.937048 0.084352
vt 0.949111 0.085427
vt 0.925207 0.129233
vt 0.925103 0.105930
vt 0.924570 0.083591
vt 0.924317 0.061234
vt 0.936908 0.062244
vt 0.912233 0.105875
vt 0.911719 0.083377
vt 0.911388 0.060869
vt 0.910698 0.039715
vt 0.923540 0.040170
vt 0.898754 0.083535
vt 0.898266 0.061021
vt 0.897733 0.039893
vt 0.896966 0.019398
vt 0.910022 0.019164
vt 0.885201 0.061636
vt 0.884781 0.040630
vt 0.884008 0.020313
vt 0.825831 0.184974
vt 0.827043 0.161698
vt 0.838029 0.161586
vt 0.836834 0.184985
vt 0.822668 0.207558
vt 0.810837 0.206836
vt 0.813871 0.184577
vt 0.815121 0.161615
vt 0.815038 0.138706
vt 0.827003 0.138416
vt 0.801430 0.183978
vt 0.802731 0.161439
vt 0.802509 0.139048
vt 0.801039 0.116845
vt 0.813544 0.115950
vt 0.790007 0.161214
vt 0.789664 0.139465
vt 0.788240 0.117856
vt 0.785755 0.096515
vt 0.798363 0.094894
vt 0.776606 0.139933
vt 0.775232 0.119065
vt 0.772918 0.098472
vt 0.769140 0.078211
vt 0.781960 0.075249
vt 0.762353 0.120356
vt 0.760143 0.100589
vt 0.756469 0.081327
vt 0.751641 0.062928
vt 0.763996 0.058965
vt 0.747664 0.103036
vt 0.744088 0.084904
vt 0.739647 0.067340
vt 0.733910 0.050296
vt 0.745608 0.044760
vt 0.732338 0.088719
vt 0.728195 0.072164
vt 0.722761 0.056200
vt 0.707448 0.116307
vt 0.700201 0.099786
vt 0.710093 0.094685
vt 0.718046 0.112157
vt 0.712523 0.133410
vt 0.700902 0.136659
vt 0.696058 0.120688
vt 0.689432 0.105204
vt 0.681248 0.090399
vt 0.691370 0.083891
vt 0.684132 0.125318
vt 0.678001 0.110867
vt 0.670343 0.097269
vt 0.661155 0.084685
vt 0.671194 0.076810
vt 0.666677 0.116556
vt 0.659440 0.104080
vt 0.650966 0.092651
vt 0.641538 0.081909
vt 0.650821 0.073036
vt 0.649293 0.110546
vt 0.641403 0.100029
vt 0.632815 0.090220
vt 0.623333 0.081344
vt 0.631254 0.072086
vt 0.632560 0.107062
vt 0.624542 0.098201
vt 0.616011 0.090045
vt 0.396391 0.945594
vt 0.405675 0.939655
vt 0.411578 0.950506
vt 0.401360 0.956947
vt 0.387049 0.950728
vt 0.382015 0.939058
vt 0.390603 0.934292
vt 0.399069 0.928766
vt 0.407248 0.922657
vt 0.414632 0.932997
vt 0.384072 0.923296
vt 0.391876 0.918184
vt 0.399358 0.912566
vt 0.406750 0.906369
vt 0.415283 0.915974
vt 0.384493 0.908002
vt 0.391483 0.902811
vt 0.398294 0.897043
vt 0.404982 0.890840
vt 0.414035 0.899760
vt 0.383450 0.893451
vt 0.389819 0.888018
vt 0.396023 0.882321
vt 0.401981 0.876242
vt 0.411473 0.884274
vt 0.381404 0.879588
vt 0.387210 0.874173
vt 0.392710 0.868383
vt 0.397849 0.862362
vt 0.407417 0.869770
vt 0.378473 0.866202
vt 0.383693 0.860701
vt 0.388632 0.855063
vt 0.392819 0.848918
vt 0.402270 0.855867
vt 0.375371 0.853623
vt 0.380176 0.848123
vt 0.384140 0.842129
vt 0.387726 0.835933
vt 0.396552 0.842511
vt 0.276732 0.725985
vt 0.271632 0.728868
vt 0.265222 0.717603
vt 0.270255 0.714685
vt 0.275299 0.711511
vt 0.281838 0.722763
vt 0.280473 0.708155
vt 0.287148 0.719160
vt 0.262778 0.704075
vt 0.268014 0.700885
vt 0.273284 0.697631
vt 0.279066 0.693758
vt 0.286209 0.704246
vt 0.345458 0.864868
vt 0.343790 0.871798
vt 0.332723 0.870305
vt 0.334527 0.863163
vt 0.266036 0.687206
vt 0.271730 0.683490
vt 0.277668 0.679255
vt 0.284955 0.689694
vt 0.336718 0.856532
vt 0.322695 0.860625
vt 0.324980 0.853773
vt 0.264065 0.673961
vt 0.270190 0.669450
vt 0.276644 0.665127
vt 0.283720 0.675107
vt 0.327634 0.847436
vt 0.312819 0.850071
vt 0.315627 0.843281
vt 0.262778 0.660693
vt 0.269890 0.656154
vt 0.277127 0.651568
vt 0.283270 0.660822
vt 0.319178 0.836577
vt 0.303807 0.838459
vt 0.307857 0.831290
vt 0.312075 0.824771
vt 0.323113 0.830384
vt 0.886942 0.520040
vt 0.894385 0.523837
vt 0.887118 0.533779
vt 0.880397 0.530535
vt 0.296744 0.824867
vt 0.301299 0.818021
vt 0.892893 0.508792
vt 0.900549 0.512594
vt 0.908335 0.517208
vt 0.901537 0.528013
vt 0.898309 0.497057
vt 0.906653 0.501312
vt 0.914736 0.506262
vt 0.923517 0.511788
vt 0.916139 0.522270
vt 0.258841 0.105922
vt 0.250599 0.098636
vt 0.257815 0.090291
vt 0.266642 0.098400
vt 0.920412 0.495045
vt 0.929693 0.501207
vt 0.938863 0.508350
vt 0.931896 0.518288
vt 0.274669 0.107434
vt 0.275257 0.090067
vt 0.284008 0.100062
vt 0.292009 0.110972
vt 0.282083 0.117339
vt 0.298587 0.122813
vt 0.287970 0.128202
vt 0.293856 0.092355
vt 0.302432 0.104327
vt 0.309666 0.117183
vt 0.315466 0.130678
vt 0.303886 0.135133
vt 0.313296 0.097500
vt 0.321130 0.111432
vt 0.327463 0.126088
vt 0.332323 0.141231
vt 0.319825 0.144581
vt 0.332283 0.105895
vt 0.339150 0.121666
vt 0.344294 0.137987
vt 0.347939 0.154759
vt 0.335513 0.156724
vt 0.350279 0.117483
vt 0.355685 0.134935
vt 0.359597 0.152830
vt 0.361691 0.170804
vt 0.349784 0.171531
vt 0.780371 0.512934
vt 0.779709 0.494714
vt 0.791624 0.493224
vt 0.792459 0.512448
vt 0.792163 0.531688
vt 0.780155 0.531027
vt 0.790524 0.550988
vt 0.778723 0.549181
vt 0.805149 0.512085
vt 0.804844 0.532397
vt 0.803064 0.552657
vt 0.800272 0.572787
vt 0.787833 0.570034
vt 0.817675 0.533069
vt 0.815822 0.554208
vt 0.812838 0.575245
vt 0.808670 0.595400
vt 0.796197 0.592044
vt 0.828687 0.555621
vt 0.825715 0.577413
vt 0.821261 0.598242
vt 0.815764 0.618653
vt 0.803114 0.615007
vt 0.838365 0.579256
vt 0.833823 0.600603
vt 0.828201 0.621658
vt 0.821457 0.640858
vt 0.809181 0.637381
vt 0.846082 0.602287
vt 0.840627 0.623748
vt 0.101820 0.860106
vt 0.089356 0.861563
vt 0.088853 0.839010
vt 0.101036 0.838015
vt 0.089023 0.816315
vt 0.101368 0.815761
vt 0.076611 0.862646
vt 0.076276 0.839760
vt 0.076327 0.816818
vt 0.075905 0.793398
vt 0.088473 0.793199
vt 0.063382 0.840185
vt 0.063380 0.817140
vt 0.063037 0.793588
vt 0.062878 0.770138
vt 0.075761 0.770101
vt 0.050137 0.817273
vt 0.050059 0.793787
vt 0.049837 0.770350
vt 0.049565 0.747194
vt 0.062608 0.746964
vt 0.037137 0.794041
vt 0.036856 0.770735
vt 0.036585 0.747660
vt 0.036132 0.725136
vt 0.049119 0.724543
vt 0.024308 0.771338
vt 0.024039 0.748528
vt 0.023533 0.726327
vt 0.022841 0.704640
vt 0.035381 0.702923
vt 0.011961 0.749702
vt 0.011339 0.727977
vt 0.227483 0.608629
vt 0.215356 0.606817
vt 0.220420 0.586078
vt 0.232819 0.587449
vt 0.223988 0.564280
vt 0.236268 0.565117
vt 0.202908 0.604480
vt 0.207779 0.584320
vt 0.211422 0.563151
vt 0.213760 0.541352
vt 0.194899 0.581954
vt 0.198655 0.561585
vt 0.200684 0.540629
vt 0.201235 0.519575
vt 0.185847 0.559754
vt 0.187799 0.539803
vt 0.188246 0.519658
vt 0.187691 0.499478
vt 0.175128 0.538865
vt 0.175596 0.519720
vt 0.175024 0.500490
vt 0.173453 0.481624
vt 0.163536 0.519765
vt 0.162821 0.501632
vt 0.161313 0.483969
vt 0.158390 0.466567
vt 0.541053 0.356334
vt 0.523176 0.355713
vt 0.524192 0.343791
vt 0.540921 0.344376
vt 0.557621 0.343645
vt 0.558937 0.355572
vt 0.574142 0.341151
vt 0.576633 0.352804
vt 0.540816 0.331538
vt 0.556317 0.330781
vt 0.571591 0.328618
vt 0.586621 0.324707
vt 0.555016 0.317859
vt 0.568972 0.315856
vt 0.582745 0.312310
vt 0.596339 0.307277
vt 0.566416 0.303833
vt 0.579193 0.300661
vt 0.591894 0.296105
vt 0.603346 0.290200
vt 0.575701 0.289475
vt 0.587185 0.285377
vt 0.597672 0.280053
vt 0.607449 0.273537
vt 0.249662 0.690071
vt 0.248165 0.700592
vt 0.235594 0.699030
vt 0.236933 0.689491
vt 0.237825 0.680250
vt 0.250714 0.680325
vt 0.146544 0.943155
vt 0.154731 0.939534
vt 0.159425 0.951444
vt 0.150385 0.955461
vt 0.224212 0.687505
vt 0.224924 0.679058
vt 0.141668 0.931155
vt 0.149070 0.927842
vt 0.156362 0.923823
vt 0.136033 0.919671
vt 0.142836 0.916623
vt 0.149556 0.913149
vt 0.156757 0.908637
vt 0.318079 0.641169
vt 0.309156 0.640941
vt 0.309323 0.629789
vt 0.317616 0.630094
vt 0.142370 0.902973
vt 0.149058 0.898968
vt 0.155765 0.894533
vt 0.325750 0.630907
vt 0.317560 0.618209
vt 0.325245 0.618927
vt 0.332887 0.619579
vt 0.333880 0.631670
vt 0.147257 0.885888
vt 0.152916 0.880916
vt 0.325013 0.606631
vt 0.332150 0.607127
vt 0.138613 0.877552
vt 0.143771 0.872705
vt 0.148560 0.867405
vt 0.338502 0.607364
vt 0.332066 0.594220
vt 0.338400 0.594188
vt 0.344619 0.594075
vt 0.344698 0.607166
vt 0.350761 0.593966
vt 0.350906 0.606775
vt 0.338755 0.581203
vt 0.345098 0.581287
vt 0.350906 0.581306
vt 0.136033 0.849000
vt 0.140530 0.843210
vt 0.144498 0.855332
vt 0.360150 0.451648
vt 0.360793 0.458780
vt 0.349967 0.458356
vt 0.349394 0.451127
vt 0.349204 0.443728
vt 0.359930 0.444324
vt 0.349522 0.436254
vt 0.360146 0.436965
vt 0.338000 0.450722
vt 0.337902 0.443132
vt 0.338272 0.435462
vt 0.339005 0.427746
vt 0.350201 0.428761
vt 0.325919 0.442551
vt 0.326364 0.434591
vt 0.327199 0.426543
vt 0.328276 0.418579
vt 0.340049 0.420144
vt 0.313893 0.433660
vt 0.314862 0.425148
vt 0.316096 0.416694
vt 0.317629 0.408390
vt 0.302226 0.423576
vt 0.303578 0.414527
vt 0.305218 0.405660
vt 0.307423 0.397022
vt 0.290968 0.411948
vt 0.292805 0.402292
vt 0.295323 0.392774
vt 0.298664 0.384076
vt 0.280665 0.398559
vt 0.283488 0.388063
vt 0.287069 0.378513
vt 0.291611 0.369725
vt 0.302833 0.375913
vt 0.272408 0.383053
vt 0.276280 0.372359
vt 0.281286 0.362631
vt 0.268251 0.973723
vt 0.264041 0.964344
vt 0.278932 0.966810
vt 0.079451 0.118193
vt 0.073382 0.128823
vt 0.062854 0.123650
vt 0.069573 0.111970
vt 0.077328 0.101222
vt 0.086676 0.108472
vt 0.086140 0.091330
vt 0.094575 0.099372
vt 0.059130 0.105634
vt 0.067508 0.093914
vt 0.077098 0.082812
vt 0.087505 0.072668
vt 0.057327 0.086067
vt 0.067768 0.074159
vt 0.078946 0.063080
vt 0.091209 0.052996
vt 0.058383 0.065492
vt 0.070494 0.053752
vt 0.083855 0.042949
vt 0.098294 0.033563
vt 0.062478 0.044891
vt 0.076856 0.033442
vt 0.092336 0.023295
vt 0.108756 0.015119
vt 0.735367 0.568405
vt 0.739222 0.585626
vt 0.727866 0.590074
vt 0.723597 0.571857
vt 0.720153 0.553111
vt 0.732153 0.550652
vt 0.718394 0.534172
vt 0.730467 0.532876
vt 0.711239 0.575008
vt 0.707610 0.555316
vt 0.705643 0.535229
vt 0.705187 0.514839
vt 0.694919 0.557329
vt 0.692852 0.536188
vt 0.692229 0.514909
vt 0.692803 0.493759
vt 0.679858 0.537073
vt 0.679257 0.515046
vt 0.679622 0.493174
vt 0.681755 0.471559
vt 0.666435 0.515247
vt 0.666817 0.492718
vt 0.669008 0.470437
vt 0.672217 0.448400
vt 0.654280 0.492434
vt 0.656667 0.469704
vt 0.659783 0.447197
vt 0.664510 0.425666
vt 0.644779 0.469252
vt 0.647760 0.446404
vt 0.652626 0.424517
vt 0.667983 0.733616
vt 0.667587 0.755249
vt 0.655432 0.734883
vt 0.668312 0.712606
vt 0.681244 0.712022
vt 0.680885 0.733189
vt 0.680515 0.754952
vt 0.680216 0.777643
vt 0.693900 0.733280
vt 0.693543 0.755043
vt 0.693223 0.777725
vt 0.693029 0.800905
vt 0.706548 0.755507
vt 0.706169 0.778086
vt 0.705958 0.801106
vt 0.705999 0.824519
vt 0.718792 0.778843
vt 0.718573 0.801561
vt 0.718597 0.824611
vt 0.718378 0.847577
vt 0.730764 0.802162
vt 0.730838 0.824742
vt 0.730525 0.847185
vt 0.730915 0.869578
vt 0.742397 0.824860
vt 0.742077 0.846630
vt 0.742525 0.868406
vt 0.051336 0.627167
vt 0.058522 0.608536
vt 0.070886 0.611650
vt 0.063584 0.630831
vt 0.043078 0.643810
vt 0.031311 0.638765
vt 0.039115 0.622555
vt 0.046199 0.604630
vt 0.052176 0.586241
vt 0.027241 0.617500
vt 0.034034 0.600251
vt 0.039757 0.582582
vt 0.044470 0.563627
vt 0.022398 0.595336
vt 0.027710 0.578343
vt 0.032223 0.560364
vt 0.035361 0.541891
vt 0.016354 0.573803
vt 0.020661 0.556824
vt 0.023478 0.539401
vt 0.025285 0.521799
vt 0.372652 0.117698
vt 0.379722 0.101046
vt 0.390463 0.106347
vt 0.383948 0.121935
vt 0.379132 0.137918
vt 0.367480 0.134770
vt 0.375984 0.154356
vt 0.364104 0.152438
vt 0.395950 0.126395
vt 0.391537 0.141180
vt 0.388704 0.156250
vt 0.387466 0.171533
vt 0.404137 0.144444
vt 0.401571 0.158103
vt 0.400446 0.172096
vt 0.400603 0.186212
vt 0.413787 0.159819
vt 0.412631 0.172572
vt 0.412855 0.185256
vt 0.414204 0.198037
vt 0.986374 0.422898
vt 0.980025 0.433741
vt 0.969522 0.427744
vt 0.975290 0.417920
vt 0.980688 0.407823
vt 0.991986 0.411608
vt 0.425595 0.195994
vt 0.428115 0.207729
vt 0.963945 0.412494
vt 0.968990 0.403445
vt 0.973182 0.393736
vt 0.985225 0.397258
vt 0.976353 0.383939
vt 0.988791 0.386907
vt 0.957280 0.398037
vt 0.961124 0.389278
vt 0.963995 0.380310
vt 0.966274 0.371895
vt 0.949182 0.384281
vt 0.951803 0.376216
vt 0.953860 0.368412
vt 0.955647 0.360691
vt 0.968285 0.363463
vt 0.939787 0.371833
vt 0.941781 0.364486
vt 0.943484 0.357221
vt 0.915337 0.770175
vt 0.923554 0.770255
vt 0.923726 0.781508
vt 0.914813 0.781393
vt 0.907243 0.770336
vt 0.907909 0.758111
vt 0.915612 0.758113
vt 0.923327 0.758048
vt 0.931035 0.757727
vt 0.931801 0.769820
vt 0.915858 0.745768
vt 0.923173 0.745632
vt 0.930411 0.745399
vt 0.937661 0.745321
vt 0.922966 0.732672
vt 0.930179 0.732553
vt 0.937264 0.732465
vt 0.944308 0.732376
vt 0.930013 0.719688
vt 0.937051 0.719575
vt 0.943987 0.719485
vt 0.950676 0.719425
vt 0.937153 0.706731
vt 0.944106 0.706551
vt 0.950932 0.706564
vt 0.957402 0.706578
vt 0.944753 0.693790
vt 0.951731 0.693899
vt 0.363303 0.763411
vt 0.372902 0.757009
vt 0.377360 0.762876
vt 0.367656 0.769102
vt 0.381654 0.768958
vt 0.382850 0.749860
vt 0.387438 0.756181
vt 0.391878 0.762658
vt 0.396128 0.769204
vt 0.397856 0.748765
vt 0.402597 0.755716
vt 0.406998 0.762844
vt 0.410960 0.770243
vt 0.413336 0.748610
vt 0.418093 0.756390
vt 0.422379 0.764379
vt 0.426305 0.772493
vt 0.429399 0.749879
vt 0.434084 0.758586
vt 0.438233 0.767391
vt 0.441931 0.776331
vt 0.445677 0.752849
vt 0.450312 0.762305
vt 0.454248 0.772197
vt 0.457479 0.782147
vt 0.461987 0.757839
vt 0.466230 0.768825
vt 0.469739 0.779702
vt 0.472714 0.790452
vt 0.157529 0.297570
vt 0.169289 0.299392
vt 0.168262 0.311067
vt 0.155270 0.309308
vt 0.142660 0.306203
vt 0.145986 0.294917
vt 0.130093 0.301590
vt 0.134551 0.290844
vt 0.153078 0.321526
vt 0.139166 0.318044
vt 0.125440 0.312959
vt 0.112381 0.306638
vt 0.135336 0.330341
vt 0.120521 0.324811
vt 0.106345 0.317932
vt 0.092827 0.309674
vt 0.115591 0.336570
vt 0.100293 0.329158
vt 0.085806 0.320141
vt 0.072256 0.309498
vt 0.094450 0.339690
vt 0.078916 0.330015
vt 0.064572 0.318619
vt 0.051031 0.306194
vt 0.072655 0.339028
vt 0.057511 0.326963
vt 0.043213 0.313851
vt 0.864967 0.910929
vt 0.858252 0.894264
vt 0.869330 0.888868
vt 0.875773 0.904663
vt 0.872091 0.926342
vt 0.860886 0.932701
vt 0.853392 0.916633
vt 0.846426 0.899036
vt 0.840744 0.880901
vt 0.841384 0.921655
vt 0.834219 0.903379
vt 0.828400 0.884543
vt 0.823422 0.864321
vt 0.821948 0.907310
vt 0.815738 0.887784
vt 0.810766 0.866804
vt 0.806974 0.845406
vt 0.803288 0.890463
vt 0.798220 0.868880
vt 0.794338 0.846929
vt 0.791976 0.824365
vt 0.786018 0.870434
vt 0.782016 0.848092
vt 0.779685 0.825125
vt 0.778624 0.802003
vt 0.770113 0.849048
vt 0.767824 0.825765
vt 0.766715 0.802380
vt 0.767200 0.778975
vt 0.756852 0.826242
vt 0.755752 0.802754
vt 0.756188 0.779229
vt 0.758290 0.756107
vt 0.846795 0.114340
vt 0.848362 0.137847
vt 0.838050 0.138132
vt 0.836523 0.114692
vt 0.557782 0.955791
vt 0.544764 0.955739
vt 0.545187 0.936930
vt 0.558135 0.936956
vt 0.545493 0.917401
vt 0.833355 0.091649
vt 0.825477 0.115200
vt 0.822450 0.092333
vt 0.818453 0.069528
vt 0.829418 0.068777
vt 0.532526 0.916707
vt 0.532894 0.895437
vt 0.810636 0.093487
vt 0.806674 0.071027
vt 0.519857 0.915214
vt 0.520305 0.894192
vt 0.520204 0.872888
vt 0.800635 0.050063
vt 0.794375 0.072987
vt 0.788611 0.052428
vt 0.781840 0.031996
vt 0.793868 0.029243
vt 0.507819 0.871615
vt 0.508378 0.849502
vt 0.776377 0.055339
vt 0.769832 0.035404
vt 0.496355 0.869913
vt 0.496845 0.848345
vt 0.496355 0.826826
vt 0.761714 0.017655
vt 0.757559 0.039954
vt 0.749901 0.022684
vt 0.740966 0.006205
vt 0.752602 0.000443
vt 0.518317 0.664851
vt 0.527388 0.649330
vt 0.539156 0.654439
vt 0.529843 0.670675
vt 0.738229 0.028254
vt 0.729691 0.012344
vt 0.507038 0.658795
vt 0.515763 0.643804
vt 0.523299 0.628130
vt 0.496355 0.651581
vt 0.504621 0.637493
vt 0.511744 0.622502
vt 0.518005 0.606516
vt 0.676614 0.047834
vt 0.689273 0.062239
vt 0.680645 0.069274
vt 0.668676 0.055744
vt 0.655546 0.043414
vt 0.662711 0.034748
vt 0.506948 0.601117
vt 0.511917 0.585128
vt 0.660090 0.064126
vt 0.647905 0.052552
vt 0.634575 0.042170
vt 0.641284 0.032315
vt 0.620318 0.033063
vt 0.626006 0.022526
vt 0.639609 0.062383
vt 0.627372 0.052658
vt 0.614244 0.044451
vt 0.600419 0.037730
vt 0.620065 0.063387
vt 0.608164 0.055891
vt 0.595506 0.049713
vt 0.582182 0.044858
vt 0.602375 0.066565
vt 0.590840 0.060968
vt 0.578789 0.056523
vt 0.566301 0.053114
vt 0.440318 0.926348
vt 0.431132 0.935194
vt 0.423487 0.925707
vt 0.431866 0.917803
vt 0.439907 0.909086
vt 0.448973 0.916759
vt 0.447604 0.899801
vt 0.457265 0.906647
vt 0.423013 0.908801
vt 0.430613 0.900998
vt 0.437666 0.892463
vt 0.443869 0.883673
vt 0.421110 0.892595
vt 0.427472 0.884824
vt 0.433096 0.876687
vt 0.438371 0.868363
vt 0.417339 0.877265
vt 0.422497 0.869783
vt 0.427298 0.861967
vt 0.431142 0.854062
vt 0.412164 0.862869
vt 0.416413 0.855623
vt 0.420020 0.848163
vt 0.422829 0.840818
vt 0.406202 0.849079
vt 0.409631 0.842078
vt 0.412287 0.835063
vt 0.304882 0.737422
vt 0.311303 0.733301
vt 0.317112 0.744120
vt 0.310172 0.748389
vt 0.298767 0.741526
vt 0.293505 0.730325
vt 0.299408 0.726355
vt 0.305226 0.722342
vt 0.311266 0.718325
vt 0.292832 0.715281
vt 0.298684 0.711310
vt 0.304617 0.707355
vt 0.310706 0.703407
vt 0.292074 0.700244
vt 0.297925 0.696355
vt 0.303790 0.692472
vt 0.309795 0.688551
vt 0.290868 0.685650
vt 0.296827 0.681619
vt 0.302895 0.677639
vt 0.309007 0.673747
vt 0.289902 0.670980
vt 0.296213 0.666862
vt 0.302585 0.662895
vt 0.308555 0.658796
vt 0.289996 0.656465
vt 0.296749 0.652269
vt 0.302987 0.647842
vt 0.309149 0.643631
vt 0.891654 0.551170
vt 0.885567 0.546870
vt 0.893707 0.537616
vt 0.900259 0.541928
vt 0.906580 0.546889
vt 0.897515 0.555719
vt 0.912389 0.552816
vt 0.908610 0.532562
vt 0.915441 0.537776
vt 0.921884 0.544171
vt 0.927629 0.551112
vt 0.923840 0.528127
vt 0.930943 0.535012
vt 0.937334 0.542552
vt 0.943395 0.550381
vt 0.939730 0.525773
vt 0.946902 0.533926
vt 0.953567 0.542400
vt 0.959914 0.551148
vt 0.955762 0.525451
vt 0.963086 0.534713
vt 0.970155 0.544179
vt 0.976792 0.554166
vt 0.298244 0.162416
vt 0.296242 0.150777
vt 0.307780 0.147765
vt 0.310249 0.160532
vt 0.311585 0.173714
vt 0.299502 0.174378
vt 0.311631 0.186941
vt 0.299715 0.186526
vt 0.322661 0.158627
vt 0.324007 0.173020
vt 0.324171 0.187389
vt 0.322927 0.201665
vt 0.337075 0.172249
vt 0.337263 0.187918
vt 0.335761 0.203542
vt 0.332573 0.219024
vt 0.349827 0.188508
vt 0.348280 0.205451
vt 0.344764 0.222113
vt 0.339755 0.238516
vt 0.360131 0.207233
vt 0.356242 0.225072
vt 0.350991 0.242668
vt 0.343772 0.259600
vt 0.767740 0.601209
vt 0.772645 0.584326
vt 0.784058 0.588348
vt 0.778842 0.606251
vt 0.773263 0.623170
vt 0.762442 0.617216
vt 0.766294 0.639277
vt 0.755752 0.632363
vt 0.790796 0.610893
vt 0.784870 0.628421
vt 0.777715 0.645408
vt 0.373545 0.369041
vt 0.381935 0.384314
vt 0.370640 0.390441
vt 0.362578 0.376045
vt 0.796927 0.633228
vt 0.789347 0.650936
vt 0.384729 0.362735
vt 0.393539 0.378755
vt 0.401139 0.395478
vt 0.396375 0.357221
vt 0.405387 0.373907
vt 0.413346 0.391116
vt 0.420386 0.409606
vt 0.111822 0.770898
vt 0.111932 0.792783
vt 0.100596 0.792987
vt 0.100318 0.770514
vt 0.425478 0.387714
vt 0.432703 0.406449
vt 0.438828 0.426800
vt 0.100299 0.748165
vt 0.088365 0.770237
vt 0.088109 0.747477
vt 0.087634 0.725111
vt 0.099744 0.726237
vt 0.450915 0.425109
vt 0.456105 0.446566
vt 0.075492 0.747050
vt 0.075058 0.724429
vt 0.074572 0.702134
vt 0.087211 0.703227
vt 0.468092 0.445580
vt 0.471338 0.468284
vt 0.062155 0.724289
vt 0.061642 0.701894
vt 0.060987 0.681269
vt 0.073859 0.681654
vt 0.060562 0.660830
vt 0.073484 0.661373
vt 0.048509 0.702209
vt 0.048017 0.681583
vt 0.047386 0.661173
vt 0.495423 0.491151
vt 0.495428 0.514625
vt 0.485051 0.491108
vt 0.035092 0.682465
vt 0.034285 0.662112
vt 0.261687 0.542768
vt 0.248092 0.565727
vt 0.244713 0.588459
vt 0.112571 0.814942
vt 0.801443 0.655783
vt 0.813465 0.659698
vt 0.344398 0.281688
vt 0.776104 0.567040
vt 0.361691 0.189077
vt 0.292698 0.139450
vt 0.947679 0.516545
vt 0.291427 0.642056
vt 0.284276 0.646739
vt 0.888383 0.563932
vt 0.399504 0.835904
vt 0.287963 0.734072
vt 0.421377 0.943190
vt 0.613153 0.073471
vt 0.700809 0.077749
vt 0.718932 0.019399
vt 0.727048 0.034469
vt 0.848324 0.161350
vt 0.761185 0.733144
vt 0.759098 0.849647
vt 0.909121 0.000443
vt 0.896130 0.000695
vt 0.774227 0.871656
vt 0.922841 0.019782
vt 0.791019 0.892419
vt 0.779205 0.893970
vt 0.809672 0.910471
vt 0.949149 0.063770
vt 0.829161 0.926446
vt 0.817127 0.929937
vt 0.880272 0.940865
vt 0.869425 0.948008
vt 0.088988 0.349378
vt 0.362578 0.653837
vt 0.110851 0.347773
vt 0.106360 0.358037
vt 0.181258 0.299897
vt 0.456721 0.747289
vt 0.368189 0.751817
vt 0.945887 0.681604
vt 0.963681 0.706559
vt 0.899165 0.770447
vt 0.932715 0.781008
vt 0.891211 0.770348
vt 0.136033 0.781483
vt 0.972847 0.444327
vt 0.416049 0.147423
vt 0.388419 0.085068
vt 0.011448 0.589907
vt 0.015814 0.611659
vt 0.005111 0.605246
vt 0.033928 0.659943
vt 0.022387 0.654156
vt 0.742258 0.802926
vt 0.529492 0.357221
vt 0.731013 0.779918
vt 0.742525 0.781315
vt 0.719132 0.756623
vt 0.731359 0.758149
vt 0.706868 0.733857
vt 0.719429 0.735317
vt 0.694334 0.712137
vt 0.707351 0.712824
vt 0.636675 0.446172
vt 0.633734 0.469150
vt 0.670254 0.404736
vt 0.744207 0.602039
vt 0.750095 0.617256
vt 0.068569 0.140244
vt 0.269256 0.394388
vt 0.351345 0.421482
vt 0.360793 0.429592
vt 0.346487 0.568744
vt 0.351127 0.465325
vt 0.300239 0.640520
vt 0.212280 0.677161
vt 0.291257 0.640318
vt 0.245412 0.711678
vt 0.564050 0.292388
vt 0.553620 0.305694
vt 0.552303 0.294172
vt 0.505270 0.352791
vt 0.162912 0.537791
vt 0.209209 0.626969
vt 0.201535 0.646259
vt 0.089103 0.882888
vt 0.089335 0.904042
vt 0.777862 0.476763
vt 0.342749 0.100687
vt 0.241811 0.091884
vt 0.885101 0.505848
vt 0.889856 0.493781
vt 0.285690 0.818021
vt 0.342166 0.878764
vt 0.353125 0.879953
vt 0.351631 0.886841
vt 0.372056 0.841383
vt 0.367374 0.846838
vt 0.370365 0.859014
vt 0.362578 0.852255
vt 0.373107 0.871530
vt 0.365192 0.864191
vt 0.375422 0.884661
vt 0.367430 0.876152
vt 0.376992 0.898237
vt 0.369291 0.889236
vt 0.377434 0.955153
vt 0.373343 0.943253
vt 0.640042 0.116704
vt 0.367625 0.958924
vt 0.364597 0.946580
vt 0.716225 0.150873
vt 0.735773 0.105791
vt 0.818537 0.229999
vt 0.806732 0.228930
vt 0.961235 0.195545
vt 0.425930 0.642788
vt 0.384324 0.551265
vt 0.200249 0.361084
vt 0.238777 0.285276
vt 0.421577 0.699353
vt 0.368774 0.722279
vt 0.362578 0.718471
vt 0.906132 0.682652
vt 0.881491 0.745684
vt 0.881958 0.732971
vt 0.931637 0.471925
vt 0.447407 0.106775
vt 0.464955 0.004371
vt 0.501419 0.412950
vt 0.544623 0.671839
vt 0.531505 0.672540
vt 0.571437 0.713179
vt 0.584080 0.714454
vt 0.584127 0.736368
vt 0.596273 0.737620
vt 0.596366 0.759500
vt 0.691564 0.642677
vt 0.711933 0.656190
vt 0.607802 0.782453
vt 0.732769 0.667004
vt 0.721141 0.672748
vt 0.858158 0.670740
vt 0.008361 0.097905
vt 0.000579 0.115823
vt 0.005750 0.137115
vt 0.867560 0.713863
vt 0.063414 0.199783
vt 0.262812 0.453447
vt 0.331287 0.480139
vt 0.333654 0.486918
vt 0.185604 0.691531
vt 0.271444 0.615857
vt 0.219851 0.780280
vt 0.490028 0.295859
vt 0.425067 0.313738
vt 0.143061 0.621005
vt 0.146410 0.642335
vt 0.136033 0.635235
vt 0.148409 0.663922
vt 0.137710 0.656554
vt 0.033468 0.367939
vt 0.045473 0.362631
vt 0.053456 0.380524
vt 0.000641 0.859526
vt 0.072786 0.395964
vt 0.085096 0.393541
vt 0.090775 0.414736
vt 0.024828 0.904581
vt 0.107787 0.434910
vt 0.118930 0.434465
vt 0.121872 0.457535
vt 0.063444 0.945077
vt 0.050416 0.945077
vt 0.879510 0.511947
vt 0.134520 0.480693
vt 0.318721 0.048119
vt 0.304308 0.035174
vt 0.203736 0.064686
vt 0.258886 0.851278
vt 0.339550 0.914559
vt 0.328011 0.914129
vt 0.200749 0.821439
vt 0.198561 0.828426
vt 0.236536 0.872415
vt 0.655833 0.172202
vt 0.667933 0.184131
vt 0.656186 0.183516
vt 0.707803 0.239241
vt 0.736043 0.194770
vt 0.849249 0.109242
vt 0.849879 0.131001
vt 0.463024 0.605846
vt 0.924913 0.264200
vt 0.381435 0.461258
vt 0.284600 0.328882
vt 0.282528 0.243979
vt 0.999557 0.617851
vt 0.997946 0.607392
vt 0.885291 0.593267
vt 0.342299 0.666823
vt 0.349544 0.677286
vt 0.344623 0.681028
vt 0.880397 0.587991
vt 0.352600 0.691213
vt 0.347605 0.695133
vt 0.882749 0.415173
vt 0.350383 0.708651
vt 0.358610 0.717944
vt 0.351686 0.722109
vt 0.886948 0.440438
vt 0.887342 0.454118
vt 0.351643 0.734666
vt 0.886169 0.468794
vt 0.880396 0.457286
vt 0.464666 0.827851
vt 0.477447 0.828784
vt 0.476087 0.838546
vt 0.493795 0.071135
vt 0.539714 0.000443
vt 0.520461 0.497501
vt 0.507333 0.717342
vt 0.507911 0.738647
vt 0.807080 0.693392
vt 0.794737 0.691646
vt 0.854518 0.801080
vt 0.006201 0.227400
vt 0.087394 0.254314
vt 0.274065 0.508602
vt 0.288981 0.510879
vt 0.278076 0.517762
vt 0.315939 0.506475
vt 0.304350 0.512212
vt 0.292967 0.518664
vt 0.298825 0.519551
vt 0.437409 0.820949
vt 0.290476 0.529642
vt 0.425237 0.815577
vt 0.283568 0.540521
vt 0.412455 0.811438
vt 0.276932 0.552680
vt 0.276112 0.540395
vt 0.270445 0.564982
vt 0.270174 0.552406
vt 0.262778 0.589911
vt 0.264074 0.577214
vt 0.264313 0.564528
vt 0.148292 0.694173
vt 0.177972 0.802604
vt 0.456349 0.258693
vt 0.373695 0.240742
vt 0.017541 0.433742
vt 0.706768 0.957401
vt 0.706364 0.936982
vt 0.631008 0.824636
vt 0.718642 0.357221
vt 0.709553 0.373288
vt 0.738141 0.443405
vt 0.197817 0.001148
vt 0.144578 0.067541
vt 0.252462 0.910058
vt 0.940156 0.793255
vt 0.308552 0.938288
vt 0.171985 0.830253
vt 0.886468 0.865869
vt 0.650432 0.218238
vt 0.645332 0.229295
vt 0.649353 0.332568
vt 0.137729 0.382259
vt 0.633236 0.342929
vt 0.232970 0.451378
vt 0.495468 0.538136
s 1
usemtl tripo_mat_672a37e7-00e5-44a2-8c06-8a91832d63d9
f 1/1 2/2 3/3 4/4
f 1/5 5/6 6/7 2/8
f 1/1 7/9 8/10 5/11
f 1/1 4/4 9/12 7/9
f 9/12 4/4 10/13 11/14
f 9/12 11/14 12/15 13/16
f 9/12 13/16 14/17 7/9
f 14/17 15/18 8/10 7/9
f 14/17 13/16 16/19 17/20
f 14/17 17/20 18/21 15/18
f 18/21 19/22 20/23 15/18
f 18/21 17/20 21/24 22/25
f 18/21 22/25 23/26 19/22
f 23/26 24/27 25/28 19/22
f 23/26 22/25 26/29 27/30
f 23/26 27/30 28/31 24/27
f 28/31 29/32 30/33 24/27
f 28/31 27/30 31/34 32/35
f 28/31 32/35 33/36 29/32
f 33/36 34/37 35/38 29/32
f 33/36 32/35 36/39 37/40
f 33/36 37/40 38/41 34/37
f 38/41 39/42 40/43 34/37
f 38/44 37/45 41/46 42/47
f 38/44 42/47 43/48 39/49
f 43/48 44/50 45/51 39/49
f 43/48 42/47 46/52 47/53
f 43/48 47/53 48/54 44/50
f 48/54 49/55 50/56 44/50
f 48/54 47/53 51/57 52/58
f 48/54 52/58 53/59 49/55
f 53/59 54/60 55/61 49/55
f 53/59 52/58 56/62 57/63
f 53/59 57/63 58/64 54/60
f 58/64 59/65 60/66 54/60
f 58/64 57/63 61/67 62/68
f 58/64 62/68 63/69 59/65
f 63/69 64/70 65/71 59/65
f 63/72 62/73 66/74 67/75
f 63/72 67/75 68/76 64/77
f 68/76 69/78 70/79 64/77
f 68/76 67/75 71/80 72/81
f 68/76 72/81 73/82 69/78
f 73/82 74/83 75/84 69/78
f 73/82 72/81 76/85 77/86
f 73/82 77/86 78/87 74/83
f 78/87 79/88 80/89 74/83
f 78/87 77/86 81/90 82/91
f 78/87 82/91 83/92 79/88
f 83/92 84/93 85/94 79/88
f 83/92 82/91 86/95 87/96
f 83/92 87/96 88/97 84/93
f 88/97 89/98 90/99 84/93
f 88/97 87/96 91/100 92/101
f 88/97 92/101 93/102 89/98
f 93/102 94/103 95/104 89/98
f 93/102 92/101 96/105 97/106
f 93/102 97/106 98/107 94/103
f 98/107 99/108 100/109 94/103
f 98/107 97/106 101/110 102/111
f 98/112 102/113 103/114 99/115
f 103/114 104/116 105/117 99/115
f 103/114 102/113 106/118 107/119
f 103/114 107/119 108/120 104/116
f 108/120 109/121 110/122 104/116
f 108/120 107/119 111/123 112/124
f 108/120 112/124 113/125 109/121
f 113/125 114/126 115/127 109/121
f 113/128 112/129 116/130 117/131
f 113/125 117/132 118/133 114/126
f 118/133 119/134 120/135 114/126
f 118/136 117/131 121/137 122/138
f 118/133 122/139 123/140 119/134
f 123/140 124/141 125/142 119/134
f 123/143 122/138 126/144 127/145
f 123/140 127/146 128/147 124/141
f 128/147 129/148 130/149 124/141
f 128/150 127/151 131/152 132/153
f 128/150 132/153 133/154 129/155
f 133/154 134/156 135/157 129/155
f 133/154 132/153 136/158 137/159
f 133/154 137/159 138/160 134/156
f 138/160 139/161 140/162 134/156
f 138/160 137/159 141/163 142/164
f 138/160 142/164 143/165 139/161
f 143/165 144/166 145/167 139/161
f 143/168 142/169 146/170 147/171
f 143/168 147/171 148/172 144/173
f 148/172 149/174 150/175 144/173
f 148/172 147/171 151/176 152/177
f 148/172 152/177 153/178 149/174
f 153/178 154/179 155/180 149/174
f 153/178 152/177 156/181 157/182
f 153/178 157/182 158/183 154/179
f 158/183 159/184 160/185 154/179
f 158/183 157/182 161/186 162/187
f 158/183 162/187 163/188 159/184
f 163/188 164/189 165/190 159/184
f 163/188 162/187 166/191 167/192
f 163/188 167/192 168/193 164/189
f 168/193 169/194 170/195 164/189
f 168/196 167/197 171/198 172/199
f 168/196 172/199 173/200 169/201
f 173/200 174/202 175/203 169/201
f 173/200 172/199 176/204 177/205
f 173/200 177/205 178/206 174/202
f 178/206 179/207 180/208 174/202
f 178/206 177/205 181/209 182/210
f 178/206 182/210 183/211 179/207
f 183/211 184/212 185/213 179/207
f 183/211 182/210 186/214 187/215
f 183/211 187/215 188/216 184/212
f 188/216 189/217 190/218 184/212
f 188/216 187/215 191/219 192/220
f 188/216 192/220 193/221 189/217
f 193/222 194/223 195/224 189/225
f 193/222 192/226 196/227 197/228
f 193/222 197/228 198/229 194/223
f 198/229 199/230 200/231 194/223
f 198/229 197/228 201/232 202/233
f 198/229 202/233 203/234 199/230
f 203/234 204/235 205/236 199/230
f 203/234 202/233 206/237 207/238
f 203/234 207/238 208/239 204/235
f 208/239 209/240 210/241 204/235
f 208/239 207/238 211/242 212/243
f 208/239 212/243 213/244 209/240
f 213/244 214/245 215/246 209/240
f 213/244 212/243 216/247 217/248
f 213/244 217/248 218/249 214/245
f 218/249 219/250 220/251 214/245
f 218/249 217/248 221/252 222/253
f 218/249 222/253 223/254 219/250
f 223/255 224/256 225/257 219/258
f 223/254 222/253 226/259 227/260
f 223/255 227/261 228/262 224/256
f 228/262 229/263 230/264 224/256
f 228/262 227/261 231/265 232/266
f 228/262 232/266 233/267 229/263
f 233/267 234/268 235/269 229/263
f 233/267 232/266 236/270 237/271
f 233/267 237/271 238/272 234/268
f 238/272 239/273 240/274 234/268
f 238/272 237/271 241/275 242/276
f 238/272 242/276 243/277 239/273
f 243/277 244/278 245/279 239/273
f 243/277 242/276 246/280 247/281
f 243/277 247/281 248/282 244/278
f 248/282 249/283 250/284 244/278
f 248/282 247/281 251/285 252/286
f 248/282 252/286 253/287 249/283
f 253/287 254/288 255/289 249/283
f 253/290 252/291 256/292 257/293
f 253/290 257/293 258/294 254/295
f 258/294 259/296 260/297 254/295
f 258/294 257/293 261/298 262/299
f 258/294 262/299 263/300 259/296
f 263/300 264/301 265/302 259/296
f 263/300 262/299 266/303 267/304
f 263/300 267/304 268/305 264/301
f 268/305 269/306 270/307 264/301
f 268/305 267/304 271/308 272/309
f 268/305 272/309 273/310 269/306
f 273/310 274/311 275/312 269/306
f 273/310 272/309 276/313 277/314
f 273/310 277/314 278/315 274/311
f 278/315 279/316 280/317 274/311
f 278/318 277/319 281/320 282/321
f 278/322 282/323 283/324 279/325
f 283/324 284/326 285/327 279/325
f 283/324 282/323 286/328 287/329
f 283/324 287/329 288/330 284/326
f 288/330 289/331 290/332 284/326
f 288/330 287/329 291/333 292/334
f 288/330 292/334 293/335 289/331
f 293/335 294/336 295/337 289/331
f 293/335 292/334 296/338 297/339
f 293/335 297/339 298/340 294/336
f 298/340 299/341 300/342 294/336
f 298/343 297/344 301/345 302/346
f 298/340 302/347 303/348 299/341
f 303/348 304/349 305/350 299/341
f 303/351 302/346 306/352 307/353
f 303/348 307/354 308/355 304/349
f 308/355 309/356 310/357 304/349
f 308/358 307/353 311/359 312/360
f 308/355 312/361 313/362 309/356
f 313/362 314/363 315/364 309/356
f 313/365 312/360 316/366 317/367
f 313/362 317/368 318/369 314/363
f 318/369 319/370 320/371 314/363
f 318/372 317/373 321/374 322/375
f 318/372 322/375 323/376 319/377
f 323/376 324/378 325/379 319/377
f 323/376 322/375 326/380 327/381
f 323/376 327/381 328/382 324/378
f 328/382 329/383 330/384 324/378
f 328/382 327/381 331/385 332/386
f 328/382 332/386 333/387 329/383
f 333/387 334/388 335/389 329/383
f 333/387 332/386 336/390 337/391
f 333/387 337/391 338/392 334/388
f 338/392 339/393 340/394 334/388
f 338/392 337/391 341/395 342/396
f 338/392 342/396 343/397 339/393
f 343/397 344/398 345/399 339/393
f 343/397 342/396 346/400 347/401
f 343/397 347/401 348/402 344/398
f 348/402 349/403 350/404 344/398
f 348/402 347/401 351/405 352/406
f 348/402 352/406 353/407 349/403
f 353/407 354/408 355/409 349/403
f 353/407 352/406 356/410 357/411
f 353/407 357/411 358/412 354/408
f 358/413 359/414 360/415 354/416
f 358/413 357/417 361/418 362/419
f 358/413 362/419 363/420 359/414
f 363/420 364/421 365/422 359/414
f 363/420 362/419 366/423 367/424
f 363/420 367/424 368/425 364/421
f 368/425 369/426 370/427 364/421
f 368/425 367/424 371/428 372/429
f 368/425 372/429 373/430 369/426
f 373/430 374/431 375/432 369/426
f 373/430 372/429 376/433 377/434
f 373/430 377/434 378/435 374/431
f 378/435 379/436 380/437 374/431
f 378/435 377/434 381/438 382/439
f 378/435 382/439 383/440 379/436
f 383/440 384/441 385/442 379/436
f 383/443 382/444 386/445 387/446
f 383/443 387/446 388/447 384/448
f 388/447 389/449 390/450 384/448
f 388/447 387/446 391/451 392/452
f 388/447 392/452 393/453 389/449
f 393/453 394/454 395/455 389/449
f 393/453 392/452 396/456 397/457
f 393/453 397/457 398/458 394/454
f 398/458 399/459 400/460 394/454
f 398/458 397/457 401/461 402/462
f 398/458 402/462 403/463 399/459
f 403/463 404/464 405/465 399/459
f 403/463 402/462 406/466 407/467
f 403/463 407/467 408/468 404/464
f 408/468 409/469 410/470 404/464
f 408/468 407/467 411/471 412/472
f 408/468 412/472 413/473 409/469
f 413/473 414/474 415/475 409/469
f 413/473 412/472 416/476 417/477
f 413/478 417/479 418/480 414/481
f 418/480 419/482 420/483 414/481
f 418/480 417/479 421/484 422/485
f 418/480 422/485 423/486 419/482
f 423/486 424/487 425/488 419/482
f 423/486 422/485 426/489 427/490
f 423/486 427/490 428/491 424/487
f 428/491 429/492 430/493 424/487
f 428/491 427/490 431/494 432/495
f 428/491 432/495 433/496 429/492
f 433/496 434/497 435/498 429/492
f 433/496 432/495 436/499 437/500
f 433/496 437/500 438/501 434/497
f 438/501 439/502 440/503 434/497
f 438/501 437/500 441/504 442/505
f 438/501 442/505 443/506 439/502
f 443/506 444/507 445/508 439/502
f 443/506 442/505 446/509 447/510
f 443/506 447/510 448/511 444/507
f 448/512 449/513 450/514 444/515
f 448/512 447/516 451/517 452/518
f 448/512 452/518 453/519 449/513
f 453/519 454/520 455/521 449/513
f 453/519 452/518 456/522 457/523
f 453/519 457/523 458/524 454/520
f 458/524 459/525 460/526 454/520
f 458/524 457/523 461/527 462/528
f 458/524 462/528 463/529 459/525
f 463/529 464/530 465/531 459/525
f 463/529 462/528 466/532 467/533
f 463/529 467/533 468/534 464/530
f 468/534 469/535 470/536 464/530
f 468/537 467/538 471/539 472/540
f 468/537 472/540 473/541 469/542
f 473/541 474/543 475/544 469/542
f 473/541 472/540 476/545 477/546
f 473/541 477/546 478/547 474/543
f 478/547 479/548 480/549 474/543
f 478/547 477/546 481/550 482/551
f 478/547 482/551 483/552 479/548
f 483/552 484/553 485/554 479/548
f 483/552 482/551 486/555 487/556
f 483/552 487/556 488/557 484/553
f 488/557 489/558 490/559 484/553
f 488/560 487/561 491/562 492/563
f 488/560 492/563 493/564 489/565
f 493/566 494/567 495/568 489/558
f 493/564 492/563 496/569 497/570
f 493/564 497/570 498/571 494/572
f 498/571 499/573 500/574 494/572
f 498/571 497/570 501/575 502/576
f 498/571 502/576 503/577 499/573
f 503/577 504/578 505/579 499/573
f 503/577 502/576 506/580 507/581
f 503/577 507/581 508/582 504/578
f 508/582 509/583 510/584 504/578
f 508/582 507/581 511/585 512/586
f 508/587 512/588 513/589 509/590
f 513/589 514/591 515/592 509/590
f 513/589 512/588 516/593 517/594
f 513/589 517/594 518/595 514/591
f 518/595 519/596 520/597 514/591
f 518/595 517/594 521/598 522/599
f 518/595 522/599 523/600 519/596
f 523/600 524/601 525/602 519/596
f 523/600 522/599 526/603 527/604
f 523/600 527/604 528/605 524/601
f 528/605 529/606 530/607 524/601
f 528/605 527/604 531/608 532/609
f 528/605 532/609 533/610 529/606
f 533/610 534/611 535/612 529/606
f 533/610 532/609 536/613 537/614
f 533/610 537/614 538/615 534/611
f 538/615 539/616 540/617 534/611
f 538/615 537/614 541/618 542/619
f 538/620 542/621 543/622 539/623
f 543/622 544/624 545/625 539/623
f 543/622 542/621 546/626 547/627
f 543/622 547/627 548/628 544/624
f 548/628 549/629 550/630 544/624
f 548/628 547/627 551/631 552/632
f 548/628 552/632 553/633 549/629
f 553/633 554/634 555/635 549/629
f 553/633 552/632 556/636 557/637
f 553/633 557/637 558/638 554/634
f 558/638 559/639 560/640 554/634
f 558/638 557/637 561/641 562/642
f 558/638 562/642 563/643 559/639
f 563/643 564/644 565/645 559/639
f 563/643 562/642 566/646 567/647
f 563/643 567/647 568/648 564/644
f 568/648 569/649 570/650 564/644
f 568/648 567/647 571/651 572/652
f 568/648 572/652 573/653 569/649
f 573/653 574/654 575/655 569/649
f 573/656 572/657 576/658 577/659
f 573/656 577/659 578/660 574/661
f 578/660 579/662 580/663 574/661
f 578/660 577/659 581/664 582/665
f 578/660 582/665 583/666 579/662
f 583/666 584/667 585/668 579/662
f 583/666 582/665 586/669 587/670
f 583/666 587/670 588/671 584/667
f 588/671 589/672 590/673 584/667
f 588/671 587/670 591/674 592/675
f 588/671 592/675 593/676 589/672
f 593/676 594/677 595/678 589/672
f 593/676 592/675 596/679 597/680
f 593/676 597/680 598/681 594/677
f 598/681 599/682 600/683 594/677
f 598/681 597/680 601/684 602/685
f 598/686 602/687 603/688 599/689
f 603/688 604/690 605/691 599/689
f 603/688 602/687 606/692 607/693
f 603/688 607/693 608/694 604/690
f 608/694 609/695 610/696 604/690
f 608/694 607/693 611/697 612/698
f 608/694 612/698 613/699 609/695
f 613/699 614/700 615/701 609/695
f 613/699 612/698 616/702 617/703
f 613/699 617/703 618/704 614/700
f 618/704 619/705 620/706 614/700
f 618/704 617/703 621/707 622/708
f 618/704 622/708 623/709 619/705
f 623/709 624/710 625/711 619/705
f 623/709 622/708 626/712 627/713
f 623/709 627/713 628/714 624/710
f 628/714 629/715 630/716 624/710
f 628/714 627/713 631/717 632/718
f 628/714 632/718 633/719 629/715
f 633/719 634/720 635/721 629/715
f 633/719 632/718 636/722 637/723
f 633/719 637/723 638/724 634/720
f 638/724 639/725 640/726 634/720
f 638/727 637/728 2/8 6/7
f 638/727 6/7 641/729 639/730
f 641/729 642/731 643/732 639/730
f 641/733 6/734 5/11 644/735
f 641/729 644/736 645/737 642/731
f 645/737 646/738 647/739 642/731
f 645/737 644/736 648/740 649/741
f 645/737 649/741 650/742 646/738
f 650/742 651/743 652/744 646/738
f 650/745 649/746 653/747 654/748
f 650/742 654/749 655/750 651/743
f 655/750 656/751 657/752 651/743
f 655/753 654/748 658/754 659/755
f 655/750 659/756 660/757 656/751
f 660/757 661/758 662/759 656/751
f 660/760 659/755 663/761 664/762
f 660/760 664/762 665/763 661/764
f 665/765 666/766 667/767 661/768
f 665/763 664/762 668/769 669/770
f 665/765 669/771 670/772 666/766
f 670/772 671/773 672/774 666/766
f 670/772 669/771 673/775 674/776
f 670/772 674/776 675/777 671/773
f 675/777 676/778 677/779 671/773
f 675/780 674/781 678/782 679/783
f 675/777 679/784 680/785 676/778
f 680/785 681/786 682/787 676/778
f 680/788 679/783 683/789 684/790
f 680/788 684/790 685/791 681/792
f 685/791 686/793 687/794 681/792
f 685/791 684/790 688/795 689/796
f 685/791 689/796 690/797 686/793
f 690/797 691/798 692/799 686/793
f 690/797 689/796 693/800 694/801
f 690/797 694/801 695/802 691/798
f 695/802 696/803 697/804 691/798
f 695/802 694/801 698/805 699/806
f 695/802 699/806 700/807 696/803
f 700/807 701/808 702/809 696/803
f 700/810 699/811 703/812 704/813
f 700/810 704/813 705/814 701/815
f 705/814 706/816 707/817 701/815
f 705/814 704/813 708/818 709/819
f 705/814 709/819 710/820 706/816
f 710/820 711/821 712/822 706/816
f 710/820 709/819 713/823 714/824
f 710/820 714/824 715/825 711/821
f 715/825 716/826 717/827 711/821
f 715/825 714/824 718/828 719/829
f 715/825 719/829 720/830 716/826
f 720/830 721/831 722/832 716/826
f 720/830 719/829 723/833 724/834
f 720/830 724/834 725/835 721/831
f 725/835 726/836 727/837 721/831
f 725/835 724/834 728/838 729/839
f 725/840 729/841 730/842 726/843
f 730/842 731/844 732/845 726/843
f 730/842 729/841 733/846 734/847
f 730/842 734/847 735/848 731/844
f 735/848 736/849 737/850 731/844
f 735/848 734/847 738/851 739/852
f 735/848 739/852 740/853 736/849
f 740/853 741/854 742/855 736/849
f 740/853 739/852 743/856 744/857
f 740/853 744/857 745/858 741/854
f 745/858 746/859 747/860 741/854
f 745/858 744/857 748/861 749/862
f 745/858 749/862 750/863 746/859
f 750/863 751/864 752/865 746/859
f 750/863 749/862 753/866 754/867
f 750/863 754/867 755/868 751/864
f 755/868 756/869 757/870 751/864
f 755/868 754/867 758/871 759/872
f 755/868 759/872 760/873 756/869
f 760/873 761/874 762/875 756/869
f 760/876 759/877 763/878 764/879
f 760/876 764/879 765/880 761/881
f 765/880 766/882 767/883 761/881
f 765/880 764/879 768/884 769/885
f 765/880 769/885 770/886 766/882
f 770/886 771/887 772/888 766/882
f 770/886 769/885 773/889 774/890
f 770/886 774/890 775/891 771/887
f 775/891 776/892 777/893 771/887
f 775/891 774/890 778/894 779/895
f 775/891 779/895 780/896 776/892
f 780/896 781/897 782/898 776/892
f 780/896 779/895 783/899 784/900
f 780/896 784/900 785/901 781/897
f 785/901 786/902 787/903 781/897
f 785/904 784/905 788/906 789/907
f 785/904 789/907 790/908 786/909
f 790/908 791/910 792/911 786/909
f 790/908 789/907 793/912 794/913
f 790/908 794/913 795/914 791/910
f 795/914 796/915 797/916 791/910
f 795/914 794/913 798/917 799/918
f 795/914 799/918 800/919 796/915
f 800/919 801/920 802/921 796/915
f 800/919 799/918 803/922 804/923
f 800/919 804/923 805/924 801/920
f 805/924 806/925 807/926 801/920
f 805/924 804/923 808/927 809/928
f 805/924 809/928 810/929 806/925
f 810/929 811/930 812/931 806/925
f 810/932 809/933 813/934 814/935
f 810/932 814/935 815/936 811/937
f 815/938 816/939 817/940 811/930
f 815/936 814/935 818/941 819/942
f 815/936 819/942 820/943 816/944
f 820/945 821/946 822/947 816/948
f 820/943 819/942 823/949 824/950
f 820/945 824/951 825/952 821/946
f 825/952 826/953 827/954 821/946
f 825/952 824/951 828/955 829/956
f 825/952 829/956 830/957 826/953
f 830/957 831/958 832/959 826/953
f 830/960 829/961 833/962 834/963
f 830/957 834/964 835/965 831/958
f 835/965 836/966 837/967 831/958
f 835/968 834/963 838/969 839/970
f 835/968 839/970 840/971 836/972
f 840/973 841/974 842/975 836/966
f 840/971 839/970 843/976 844/977
f 840/973 844/978 845/979 841/974
f 845/979 846/980 847/981 841/974
f 845/982 844/977 848/983 849/984
f 845/982 849/984 850/985 846/986
f 850/987 851/988 852/989 846/980
f 850/985 849/984 853/990 854/991
f 850/992 854/993 855/994 851/995
f 855/994 856/996 857/997 851/995
f 855/994 854/993 858/998 859/999
f 855/994 859/999 860/1000 856/996
f 860/1000 861/1001 862/1002 856/996
f 860/1000 859/999 863/1003 864/1004
f 860/1000 864/1004 865/1005 861/1001
f 865/1005 866/1006 867/1007 861/1001
f 865/1005 864/1004 868/1008 869/1009
f 865/1005 869/1009 870/1010 866/1006
f 870/1010 871/1011 872/1012 866/1006
f 870/1010 869/1009 873/1013 874/1014
f 870/1010 874/1014 875/1015 871/1011
f 875/1015 876/1016 877/1017 871/1011
f 875/1015 874/1014 878/1018 879/1019
f 875/1015 879/1019 880/1020 876/1016
f 880/1020 881/1021 882/1022 876/1016
f 880/1020 879/1019 883/1023 884/1024
f 880/1020 884/1024 885/1025 881/1021
f 885/1025 886/1026 887/1027 881/1021
f 885/1025 884/1024 888/1028 889/1029
f 885/1025 889/1029 890/1030 886/1026
f 890/1030 891/1031 892/1032 886/1026
f 890/1030 889/1029 893/1033 894/1034
f 890/1030 894/1034 895/1035 891/1031
f 895/1036 896/1037 897/1038 891/1039
f 895/1036 894/1040 898/1041 899/1042
f 895/1036 899/1042 900/1043 896/1037
f 900/1043 901/1044 902/1045 896/1037
f 900/1043 899/1042 903/1046 904/1047
f 900/1043 904/1047 905/1048 901/1044
f 905/1048 906/1049 907/1050 901/1044
f 905/1048 904/1047 908/1051 909/1052
f 905/1048 909/1052 910/1053 906/1049
f 910/1053 911/1054 912/1055 906/1049
f 910/1053 909/1052 913/1056 914/1057
f 910/1053 914/1057 915/1058 911/1054
f 915/1058 916/1059 917/1060 911/1054
f 915/1058 914/1057 918/1061 919/1062
f 915/1058 919/1062 920/1063 916/1059
f 920/1064 921/1065 922/1066 916/1067
f 920/1064 919/1068 923/1069 924/1070
f 920/1064 924/1070 925/1071 921/1065
f 925/1071 926/1072 927/1073 921/1065
f 925/1071 924/1070 928/1074 929/1075
f 925/1071 929/1075 930/1076 926/1072
f 930/1076 931/1077 932/1078 926/1072
f 930/1076 929/1075 933/1079 934/1080
f 930/1076 934/1080 935/1081 931/1077
f 935/1081 936/1082 937/1083 931/1077
f 935/1081 934/1080 938/1084 939/1085
f 935/1081 939/1085 940/1086 936/1082
f 940/1086 941/1087 942/1088 936/1082
f 940/1086 939/1085 943/1089 944/1090
f 940/1086 944/1090 945/1091 941/1087
f 945/1091 946/1092 947/1093 941/1087
f 945/1091 944/1090 948/1094 949/1095
f 945/1091 949/1095 950/1096 946/1092
f 950/1096 951/1097 952/1098 946/1092
f 950/1096 949/1095 953/1099 954/1100
f 950/1101 954/1102 955/1103 951/1104
f 955/1103 956/1105 957/1106 951/1104
f 955/1103 954/1102 958/1107 959/1108
f 955/1103 959/1108 960/1109 956/1105
f 960/1109 961/1110 962/1111 956/1105
f 960/1109 959/1108 963/1112 964/1113
f 960/1109 964/1113 965/1114 961/1110
f 965/1114 966/1115 967/1116 961/1110
f 965/1114 964/1113 968/1117 969/1118
f 965/1114 969/1118 970/1119 966/1115
f 970/1119 971/1120 972/1121 966/1115
f 970/1119 969/1118 973/1122 974/1123
f 970/1119 974/1123 975/1124 971/1120
f 975/1124 976/1125 977/1126 971/1120
f 975/1124 974/1123 978/1127 979/1128
f 975/1124 979/1128 980/1129 976/1125
f 980/1129 981/1130 982/1131 976/1125
f 980/1129 979/1128 983/1132 984/1133
f 980/1129 984/1133 985/1134 981/1130
f 985/1135 986/1136 987/1137 981/1138
f 985/1135 984/1139 988/1140 989/1141
f 985/1135 989/1141 990/1142 986/1136
f 990/1142 991/1143 992/1144 986/1136
f 990/1142 989/1141 993/1145 994/1146
f 990/1142 994/1146 995/1147 991/1143
f 995/1147 996/1148 997/1149 991/1143
f 995/1147 994/1146 998/1150 999/1151
f 995/1147 999/1151 1000/1152 996/1148
f 1000/1152 1001/1153 1002/1154 996/1148
f 1000/1155 999/1156 1003/1157 1004/1158
f 1000/1155 1004/1158 1005/1159 1001/1160
f 1005/1159 1006/1161 1007/1162 1001/1160
f 1005/1159 1004/1158 1008/1163 1009/1164
f 1005/1159 1009/1164 1010/1165 1006/1161
f 1010/1165 1011/1166 1012/1167 1006/1161
f 1010/1165 1009/1164 1013/1168 1014/1169
f 1010/1165 1014/1169 1015/1170 1011/1166
f 1015/1170 1016/1171 1017/1172 1011/1166
f 1015/1170 1014/1169 1018/1173 1019/1174
f 1015/1170 1019/1174 1020/1175 1016/1171
f 1020/1175 1021/1176 1022/1177 1016/1171
f 1020/1175 1019/1174 1023/1178 1024/1179
f 1020/1175 1024/1179 1025/1180 1021/1176
f 1025/1180 1026/1181 1027/1182 1021/1176
f 1025/1183 1024/1184 1028/1185 1029/1186
f 1025/1183 1029/1186 1030/1187 1026/1188
f 1030/1187 1031/1189 1032/1190 1026/1188
f 1030/1187 1029/1186 1033/1191 1034/1192
f 1030/1187 1034/1192 1035/1193 1031/1189
f 1035/1193 1036/1194 1037/1195 1031/1189
f 1035/1193 1034/1192 1038/1196 1039/1197
f 1035/1193 1039/1197 1040/1198 1036/1194
f 1040/1198 1041/1199 1042/1200 1036/1194
f 1040/1198 1039/1197 1043/1201 1044/1202
f 1040/1198 1044/1202 1045/1203 1041/1199
f 1045/1203 1046/1204 1047/1205 1041/1199
f 1045/1206 1044/1207 1048/1208 1049/1209
f 1045/1206 1049/1209 1050/1210 1046/1211
f 1050/1210 1051/1212 1052/1213 1046/1211
f 1050/1210 1049/1209 1053/1214 1054/1215
f 1050/1210 1054/1215 1055/1216 1051/1212
f 1055/1216 1056/1217 1057/1218 1051/1212
f 1055/1216 1054/1215 1058/1219 1059/1220
f 1055/1216 1059/1220 1060/1221 1056/1217
f 1060/1221 1061/1222 1062/1223 1056/1217
f 1060/1221 1059/1220 1063/1224 1064/1225
f 1060/1221 1064/1225 1065/1226 1061/1222
f 1065/1226 1066/1227 1067/1228 1061/1222
f 1065/1226 1064/1225 1068/1229 1069/1230
f 1065/1226 1069/1230 1070/1231 1066/1227
f 1070/1231 1071/1232 1072/1233 1066/1227
f 1070/1231 1069/1230 1073/1234 1074/1235
f 1070/1231 1074/1235 1075/1236 1071/1232
f 1075/1236 1076/1237 1077/1238 1071/1232
f 1075/1236 1074/1235 1078/1239 1079/1240
f 1075/1241 1079/1242 1080/1243 1076/1244
f 1080/1243 1081/1245 1082/1246 1076/1244
f 1080/1243 1079/1242 1083/1247 1084/1248
f 1080/1243 1084/1248 1085/1249 1081/1245
f 1085/1249 1086/1250 1087/1251 1081/1245
f 1085/1249 1084/1248 1088/1252 1089/1253
f 1085/1249 1089/1253 1090/1254 1086/1250
f 1090/1254 1091/1255 1092/1256 1086/1250
f 1090/1254 1089/1253 1093/1257 1094/1258
f 1090/1254 1094/1258 1095/1259 1091/1255
f 1095/1259 1096/1260 1097/1261 1091/1255
f 1095/1259 1094/1258 1098/1262 1099/1263
f 1095/1259 1099/1263 1100/1264 1096/1260
f 1100/1264 1101/1265 1102/1266 1096/1260
f 1100/1264 1099/1263 1103/1267 1104/1268
f 1100/1264 1104/1268 1105/1269 1101/1265
f 1105/1269 1106/1270 1107/1271 1101/1265
f 1105/1269 1104/1268 1108/1272 1109/1273
f 1105/1269 1109/1273 1110/1274 1106/1270
f 1110/1274 1111/1275 1112/1276 1106/1270
f 1110/1277 1109/1278 1113/1279 1114/1280
f 1110/1277 1114/1280 1115/1281 1111/1282
f 1115/1281 1116/1283 1117/1284 1111/1282
f 1115/1281 1114/1280 1118/1285 1119/1286
f 1115/1281 1119/1286 1120/1287 1116/1283
f 1120/1287 1121/1288 1122/1289 1116/1283
f 1120/1287 1119/1286 1123/1290 1124/1291
f 1120/1287 1124/1291 1125/1292 1121/1288
f 1125/1292 1126/1293 1127/1294 1121/1288
f 1125/1292 1124/1291 1128/1295 1129/1296
f 1125/1292 1129/1296 1130/1297 1126/1293
f 1130/1297 1131/1298 1132/1299 1126/1293
f 1130/1297 1129/1296 1133/1300 1134/1301
f 1130/1297 1134/1301 1135/1302 1131/1298
f 1135/1302 1136/1303 1137/1304 1131/1298
f 1135/1305 1134/1306 1138/1307 1139/1308
f 1135/1305 1139/1308 1140/1309 1136/1310
f 1140/1309 1141/1311 1142/1312 1136/1310
f 1140/1309 1139/1308 1143/1313 1144/1314
f 1140/1309 1144/1314 1145/1315 1141/1311
f 1145/1315 1146/1316 1147/1317 1141/1311
f 1145/1315 1144/1314 1148/1318 1149/1319
f 1145/1315 1149/1319 1150/1320 1146/1316
f 1150/1320 1151/1321 1152/1322 1146/1316
f 1150/1320 1149/1319 1153/1323 1154/1324
f 1150/1320 1154/1324 1155/1325 1151/1321
f 1155/1325 1156/1326 1157/1327 1151/1321
f 1155/1325 1154/1324 1158/1328 1159/1329
f 1155/1325 1159/1329 1160/1330 1156/1326
f 1160/1330 1161/1331 1162/1332 1156/1326
f 1160/1330 1159/1329 1163/1333 1164/1334
f 1160/1330 1164/1334 1165/1335 1161/1331
f 1165/1335 1166/1336 1167/1337 1161/1331
f 1165/1335 1164/1334 1168/1338 1169/1339
f 1165/1335 1169/1339 1170/1340 1166/1336
f 1170/1340 1171/1341 1172/1342 1166/1336
f 1170/1340 1169/1339 1173/1343 1174/1344
f 1170/1340 1174/1344 1175/1345 1171/1341
f 1175/1345 1176/1346 1177/1347 1171/1341
f 1175/1348 1174/1349 1178/1350 1179/1351
f 1175/1348 1179/1351 1180/1352 1176/1353
f 1180/1354 1181/1355 1182/1356 1176/1357
f 1180/1352 1179/1351 1183/1358 1184/1359
f 1180/1352 1184/1359 1185/1360 1181/1361
f 1185/1362 1186/1363 1187/1364 1181/1355
f 1185/1360 1184/1359 1188/1365 1189/1366
f 1185/1362 1189/1367 1190/1368 1186/1363
f 1190/1368 1191/1369 1192/1370 1186/1363
f 1190/1371 1189/1366 1193/1372 1194/1373
f 1190/1371 1194/1373 1195/1374 1191/1375
f 1195/1374 1196/1376 1197/1377 1191/1375
f 1195/1374 1194/1373 1198/1378 1199/1379
f 1195/1374 1199/1379 1200/1380 1196/1376
f 1200/1381 1201/1382 1202/1383 1196/1384
f 1200/1380 1199/1379 1203/1385 1204/1386
f 1200/1380 1204/1386 1205/1387 1201/1388
f 1205/1389 1206/1390 1207/1391 1201/1392
f 1205/1387 1204/1386 1208/1393 1209/1394
f 1205/1389 1209/1395 1210/1396 1206/1390
f 1210/1396 1211/1397 1212/1398 1206/1390
f 1210/1396 1209/1395 1213/1399 1214/1400
f 1210/1396 1214/1400 1215/1401 1211/1397
f 1215/1401 1216/1402 1217/1403 1211/1397
f 1215/1404 1214/1405 1218/1406 1219/1407
f 1215/1404 1219/1407 1220/1408 1216/1409
f 1220/1408 1221/1410 1222/1411 1216/1409
f 1220/1408 1219/1407 1223/1412 1224/1413
f 1220/1408 1224/1413 1225/1414 1221/1410
f 1225/1414 1226/1415 1227/1416 1221/1410
f 1225/1414 1224/1413 1228/1417 1229/1418
f 1225/1414 1229/1418 1230/1419 1226/1415
f 1230/1419 1231/1420 1232/1421 1226/1415
f 1230/1419 1229/1418 1233/1422 1234/1423
f 1230/1419 1234/1423 1235/1424 1231/1420
f 1235/1424 1236/1425 1237/1426 1231/1420
f 1235/1424 1234/1423 1238/1427 1239/1428
f 1235/1424 1239/1428 1240/1429 1236/1425
f 1240/1429 1241/1430 1242/1431 1236/1425
f 1240/1432 1239/1433 1243/1434 1244/1435
f 1240/1432 1244/1435 1245/1436 1241/1437
f 1245/1436 1246/1438 1247/1439 1241/1437
f 1245/1436 1244/1435 1248/1440 1249/1441
f 1245/1436 1249/1441 1250/1442 1246/1438
f 1250/1442 1251/1443 1252/1444 1246/1438
f 1250/1442 1249/1441 1253/1445 1254/1446
f 1250/1442 1254/1446 1255/1447 1251/1443
f 1255/1447 1256/1448 1257/1449 1251/1443
f 1255/1447 1254/1446 1258/1450 1259/1451
f 1255/1447 1259/1451 1260/1452 1256/1448
f 1260/1452 1261/1453 1262/1454 1256/1448
f 1260/1452 1259/1451 1263/1455 1264/1456
f 1260/1452 1264/1456 1265/1457 1261/1453
f 1265/1457 1266/1458 1267/1459 1261/1453
f 1265/1457 1264/1456 1268/1460 1269/1461
f 1265/1457 1269/1461 1270/1462 1266/1458
f 1270/1463 1271/1464 1272/1465 1266/1466
f 1270/1463 1269/1467 1273/1468 1274/1469
f 1270/1463 1274/1469 1275/1470 1271/1464
f 1275/1470 1276/1471 1277/1472 1271/1464
f 1275/1470 1274/1469 1278/1473 1279/1474
f 1275/1470 1279/1474 1280/1475 1276/1471
f 1280/1475 1281/1476 1282/1477 1276/1471
f 1280/1475 1279/1474 1283/1478 1284/1479
f 1280/1475 1284/1479 1285/1480 1281/1476
f 1285/1480 1286/1481 1287/1482 1281/1476
f 1285/1480 1284/1479 1288/1483 1289/1484
f 1285/1480 1289/1484 1290/1485 1286/1481
f 1290/1485 1291/1486 1292/1487 1286/1481
f 1290/1485 1289/1484 1293/1488 1294/1489
f 1290/1485 1294/1489 1295/1490 1291/1486
f 1295/1490 1296/1491 1297/1492 1291/1486
f 1295/1490 1294/1489 1298/1493 1299/1494
f 1295/1490 1299/1494 1300/1495 1296/1491
f 1300/1495 1301/1496 1302/1497 1296/1491
f 1300/1498 1299/1499 1303/1500 1304/1501
f 1300/1498 1304/1501 1305/1502 1301/1503
f 1305/1502 1306/1504 1307/1505 1301/1503
f 1305/1502 1304/1501 1308/1506 1309/1507
f 1305/1502 1309/1507 1310/1508 1306/1504
f 1310/1508 1311/1509 1312/1510 1306/1504
f 1310/1508 1309/1507 1313/1511 1314/1512
f 1310/1508 1314/1512 1315/1513 1311/1509
f 1315/1513 1316/1514 1317/1515 1311/1509
f 1315/1513 1314/1512 1318/1516 1319/1517
f 1315/1513 1319/1517 1320/1518 1316/1514
f 1320/1518 1321/1519 1322/1520 1316/1514
f 1320/1518 1319/1517 1323/1521 1324/1522
f 1320/1518 1324/1522 1325/1523 1321/1519
f 1325/1523 1326/1524 1327/1525 1321/1519
f 1325/1526 1324/1527 1328/1528 1329/1529
f 1325/1526 1329/1529 1330/1530 1326/1531
f 1330/1530 1331/1532 1332/1533 1326/1531
f 1330/1530 1329/1529 1333/1534 1334/1535
f 1330/1530 1334/1535 1335/1536 1331/1532
f 1335/1536 1336/1537 1337/1538 1331/1532
f 1335/1536 1334/1535 1338/1539 1339/1540
f 1335/1536 1339/1540 1340/1541 1336/1537
f 1340/1541 1341/1542 1342/1543 1336/1537
f 1340/1541 1339/1540 1343/1544 1344/1545
f 1340/1541 1344/1545 1345/1546 1341/1542
f 1345/1546 1346/1547 1347/1548 1341/1542
f 1345/1546 1344/1545 1348/1549 1349/1550
f 1345/1546 1349/1550 1350/1551 1346/1547
f 1350/1551 1351/1552 1352/1553 1346/1547
f 1350/1554 1349/1555 1353/1556 1354/1557
f 1350/1554 1354/1557 1355/1558 1351/1559
f 1355/1558 1356/1560 1357/1561 1351/1559
f 1355/1558 1354/1557 1358/1562 1359/1563
f 1355/1558 1359/1563 1360/1564 1356/1560
f 1360/1564 1361/1565 1362/1566 1356/1560
f 1360/1564 1359/1563 1363/1567 1364/1568
f 1360/1564 1364/1568 1365/1569 1361/1565
f 1365/1570 1366/1571 1367/1572 1361/1573
f 1365/1574 1364/1575 1368/1576 1369/1577
f 1365/1574 1369/1577 1370/1578 1366/1579
f 1370/1580 1371/1581 1372/1582 1366/1571
f 1370/1578 1369/1577 1373/1583 1374/1584
f 1370/1578 1374/1584 1375/1585 1371/1586
f 1375/1585 1376/1587 1377/1588 1371/1586
f 1375/1585 1374/1584 1378/1589 1379/1590
f 1375/1585 1379/1590 1380/1591 1376/1587
f 1380/1591 1381/1592 1382/1593 1376/1587
f 1380/1591 1379/1590 1383/1594 1384/1595
f 1380/1591 1384/1595 1385/1596 1381/1592
f 1385/1596 1386/1597 1387/1598 1381/1592
f 1385/1596 1384/1595 1388/1599 1389/1600
f 1385/1596 1389/1600 1390/1601 1386/1597
f 1390/1601 1391/1602 1392/1603 1386/1597
f 1390/1601 1389/1600 1393/1604 1394/1605
f 1390/1606 1394/1607 1395/1608 1391/1609
f 1395/1608 1396/1610 1397/1611 1391/1609
f 1395/1608 1394/1607 1398/1612 1399/1613
f 1395/1608 1399/1613 1400/1614 1396/1610
f 1400/1614 1401/1615 1402/1616 1396/1610
f 1400/1614 1399/1613 1403/1617 1404/1618
f 1400/1614 1404/1618 1405/1619 1401/1615
f 1405/1619 1406/1620 1407/1621 1401/1615
f 1405/1619 1404/1618 1408/1622 1409/1623
f 1405/1619 1409/1623 1410/1624 1406/1620
f 1410/1624 1411/1625 1412/1626 1406/1620
f 1410/1624 1409/1623 1413/1627 1414/1628
f 1410/1624 1414/1628 1415/1629 1411/1625
f 1415/1629 1416/1630 1417/1631 1411/1625
f 1415/1629 1414/1628 1418/1632 1419/1633
f 1415/1629 1419/1633 1420/1634 1416/1630
f 1420/1634 1421/1635 1422/1636 1416/1630
f 1420/1634 1419/1633 1423/1637 1424/1638
f 1420/1634 1424/1638 1425/1639 1421/1635
f 1425/1639 1426/1640 1427/1641 1421/1635
f 1425/1639 1424/1638 1428/1642 1429/1643
f 1425/1639 1429/1643 1430/1644 1426/1640
f 1430/1645 1431/1646 1432/1647 1426/1648
f 1430/1645 1429/1649 1433/1650 1434/1651
f 1430/1645 1434/1651 1435/1652 1431/1646
f 1435/1652 1436/1653 1437/1654 1431/1646
f 1435/1652 1434/1651 1438/1655 1439/1656
f 1435/1652 1439/1656 1440/1657 1436/1653
f 1440/1657 1441/1658 1442/1659 1436/1653
f 1440/1657 1439/1656 1443/1660 1444/1661
f 1440/1657 1444/1661 1445/1662 1441/1658
f 1445/1662 1446/1663 1447/1664 1441/1658
f 1445/1662 1444/1661 1448/1665 1449/1666
f 1445/1662 1449/1666 1450/1667 1446/1663
f 1450/1667 1451/1668 1452/1669 1446/1663
f 1450/1667 1449/1666 1453/1670 1454/1671
f 1450/1667 1454/1671 1455/1672 1451/1668
f 1455/1672 1456/1673 1457/1674 1451/1668
f 1455/1675 1454/1676 1458/1677 1459/1678
f 1455/1675 1459/1678 1460/1679 1456/1680
f 1460/1679 1461/1681 1462/1682 1456/1680
f 1460/1679 1459/1678 1463/1683 1464/1684
f 1460/1679 1464/1684 1465/1685 1461/1681
f 1465/1685 1466/1686 1467/1687 1461/1681
f 1465/1685 1464/1684 1468/1688 1469/1689
f 1465/1685 1469/1689 1470/1690 1466/1686
f 1470/1690 1471/1691 1472/1692 1466/1686
f 1470/1690 1469/1689 1473/1693 1474/1694
f 1470/1690 1474/1694 1475/1695 1471/1691
f 1475/1695 1476/1696 1477/1697 1471/1691
f 1475/1695 1474/1694 1478/1698 1479/1699
f 1475/1695 1479/1699 1480/1700 1476/1696
f 1480/1700 1481/1701 1482/1702 1476/1696
f 1480/1700 1479/1699 1483/1703 1484/1704
f 1480/1700 1484/1704 1485/1705 1481/1701
f 1485/1705 1486/1706 1487/1707 1481/1701
f 1485/1705 1484/1704 1488/1708 1489/1709
f 1485/1705 1489/1709 1490/1710 1486/1706
f 1490/1710 1491/1711 1492/1712 1486/1706
f 1490/1710 1489/1709 1493/1713 1494/1714
f 1490/1710 1494/1714 1495/1715 1491/1711
f 1495/1716 1496/1717 1497/1718 1491/1719
f 1495/1716 1494/1720 1498/1721 1499/1722
f 1495/1716 1499/1722 1500/1723 1496/1717
f 1500/1723 1501/1724 1502/1725 1496/1717
f 1500/1723 1499/1722 1503/1726 1504/1727
f 1500/1723 1504/1727 1505/1728 1501/1724
f 1505/1728 1506/1729 1507/1730 1501/1724
f 1505/1728 1504/1727 1508/1731 1509/1732
f 1505/1728 1509/1732 1510/1733 1506/1729
f 1510/1733 1511/1734 1512/1735 1506/1729
f 1510/1733 1509/1732 1513/1736 1514/1737
f 1510/1733 1514/1737 1515/1738 1511/1734
f 1515/1738 1516/1739 1517/1740 1511/1734
f 1515/1738 1514/1737 1518/1741 1519/1742
f 1515/1738 1519/1742 1520/1743 1516/1739
f 1520/1743 1521/1744 1522/1745 1516/1739
f 1520/1746 1519/1747 1523/1748 1524/1749
f 1520/1746 1524/1749 1525/1750 1521/1751
f 1525/1750 1526/1752 1527/1753 1521/1751
f 1525/1750 1524/1749 1528/1754 1529/1755
f 1525/1750 1529/1755 1530/1756 1526/1752
f 1530/1756 1531/1757 1532/1758 1526/1752
f 1530/1756 1529/1755 1533/1759 1534/1760
f 1530/1756 1534/1760 1535/1761 1531/1757
f 1535/1761 1536/1762 1537/1763 1531/1757
f 1535/1761 1534/1760 1538/1764 1539/1765
f 1535/1761 1539/1765 1540/1766 1536/1762
f 1540/1766 1541/1767 1542/1768 1536/1762
f 1540/1769 1539/1770 1543/1771 1544/1772
f 1540/1769 1544/1772 1545/1773 1541/1774
f 1545/1773 1546/1775 1547/1776 1541/1774
f 1545/1773 1544/1772 1548/1777 1549/1778
f 1545/1773 1549/1778 1550/1779 1546/1775
f 1550/1779 1551/1780 1552/1781 1546/1775
f 1550/1779 1549/1778 1553/1782 1554/1783
f 1550/1779 1554/1783 1555/1784 1551/1780
f 1555/1784 1556/1785 1557/1786 1551/1780
f 1555/1784 1554/1783 1558/1787 1559/1788
f 1555/1784 1559/1788 1560/1789 1556/1785
f 1560/1789 1561/1790 1562/1791 1556/1785
f 1560/1792 1559/1793 1563/1794 1564/1795
f 1560/1792 1564/1795 1565/1796 1561/1797
f 1565/1796 1566/1798 1567/1799 1561/1797
f 1565/1796 1564/1795 1568/1800 1569/1801
f 1565/1796 1569/1801 1570/1802 1566/1798
f 1570/1802 1571/1803 1572/1804 1566/1798
f 1570/1802 1569/1801 1573/1805 1574/1806
f 1570/1802 1574/1806 1575/1807 1571/1803
f 1575/1807 1576/1808 1577/1809 1571/1803
f 1575/1807 1574/1806 1578/1810 1579/1811
f 1575/1807 1579/1811 1580/1812 1576/1808
f 1580/1812 1581/1813 1582/1814 1576/1808
f 1580/1812 1579/1811 1583/1815 1584/1816
f 1580/1812 1584/1816 1585/1817 1581/1813
f 1585/1817 1586/1818 1587/1819 1581/1813
f 1585/1820 1584/1821 1588/1822 1589/1823
f 1585/1820 1589/1823 1590/1824 1586/1825
f 1590/1824 1591/1826 1592/1827 1586/1825
f 1590/1824 1589/1823 1593/1828 1594/1829
f 1590/1824 1594/1829 1595/1830 1591/1826
f 1595/1830 1596/1831 1597/1832 1591/1826
f 1595/1830 1594/1829 1598/1833 1599/1834
f 1595/1830 1599/1834 1600/1835 1596/1831
f 1600/1835 1601/1836 1602/1837 1596/1831
f 1600/1835 1599/1834 1603/1838 1604/1839
f 1600/1835 1604/1839 1605/1840 1601/1836
f 1605/1840 1606/1841 1607/1842 1601/1836
f 1605/1840 1604/1839 1608/1843 1609/1844
f 1605/1840 1609/1844 1610/1845 1606/1841
f 1610/1845 1611/1846 1612/1847 1606/1841
f 1610/1845 1609/1844 1613/1848 1614/1849
f 1610/1845 1614/1849 1615/1850 1611/1846
f 1615/1850 1616/1851 1617/1852 1611/1846
f 1615/1850 1614/1849 1618/1853 1619/1854
f 1615/1850 1619/1854 1620/1855 1616/1851
f 1620/1856 1621/1857 1622/1858 1616/1859
f 1620/1856 1619/1860 1623/1861 1624/1862
f 1620/1856 1624/1862 1625/1863 1621/1857
f 1625/1863 1626/1864 1627/1865 1621/1857
f 1625/1863 1624/1862 1628/1866 1629/1867
f 1625/1863 1629/1867 1630/1868 1626/1864
f 1630/1868 1631/1869 1632/1870 1626/1864
f 1630/1868 1629/1867 1633/1871 1634/1872
f 1630/1868 1634/1872 1635/1873 1631/1869
f 1635/1873 1636/1874 1637/1875 1631/1869
f 1635/1873 1634/1872 1638/1876 1639/1877
f 1635/1873 1639/1877 1640/1878 1636/1874
f 1640/1878 1641/1879 1642/1880 1636/1874
f 1640/1878 1639/1877 1643/1881 1644/1882
f 1640/1878 1644/1882 1645/1883 1641/1879
f 1645/1883 1646/1884 1647/1885 1641/1879
f 1645/1886 1644/1887 1648/1888 1649/1889
f 1645/1886 1649/1889 1650/1890 1646/1891
f 1650/1890 1651/1892 1652/1893 1646/1891
f 1650/1890 1649/1889 1653/1894 1654/1895
f 1650/1890 1654/1895 1655/1896 1651/1892
f 1655/1896 1656/1897 1657/1898 1651/1892
f 1655/1896 1654/1895 1658/1899 1659/1900
f 1655/1896 1659/1900 1660/1901 1656/1897
f 1660/1901 1661/1902 1662/1903 1656/1897
f 1660/1901 1659/1900 1663/1904 1664/1905
f 1660/1901 1664/1905 1665/1906 1661/1902
f 1665/1906 1666/1907 1667/1908 1661/1902
f 1665/1906 1664/1905 1668/1909 1669/1910
f 1665/1906 1669/1910 1670/1911 1666/1907
f 1670/1911 1671/1912 1672/1913 1666/1907
f 1670/1914 1669/1915 1673/1916 1674/1917
f 1670/1911 1674/1918 1675/1919 1671/1912
f 1675/1919 1676/1920 1677/1921 1671/1912
f 1675/1922 1674/1923 1678/1924 1679/1925
f 1675/1922 1679/1925 1680/1926 1676/1927
f 1680/1926 1681/1928 1682/1929 1676/1927
f 1680/1926 1679/1925 1683/1930 1684/1931
f 1680/1926 1684/1931 1685/1932 1681/1928
f 1685/1932 1686/1933 1687/1934 1681/1928
f 1685/1932 1684/1931 1688/1935 1689/1936
f 1685/1932 1689/1936 1690/1937 1686/1933
f 1690/1937 1691/1938 1692/1939 1686/1933
f 1690/1937 1689/1936 1693/1940 1694/1941
f 1690/1937 1694/1941 1695/1942 1691/1938
f 1695/1942 1696/1943 1697/1944 1691/1938
f 1695/1942 1694/1941 1698/1945 1699/1946
f 1695/1942 1699/1946 1700/1947 1696/1943
f 1700/1947 1701/1948 1702/1949 1696/1943
f 1700/1947 1699/1946 1703/1950 1704/1951
f 1700/1947 1704/1951 1705/1952 1701/1948
f 1705/1952 1706/1953 1707/1954 1701/1948
f 1705/1955 1704/1956 1708/1957 1709/1958
f 1705/1952 1709/1959 1710/1960 1706/1953
f 1710/1960 1711/1961 1712/1962 1706/1953
f 1710/1963 1709/1964 1713/1965 1714/1966
f 1710/1963 1714/1966 1715/1967 1711/1968
f 1715/1969 1716/1970 1717/1971 1711/1972
f 1715/1967 1714/1966 1718/1973 1719/1974
f 1715/1967 1719/1974 1720/1975 1716/1976
f 1720/1975 1721/1977 1722/1978 1716/1976
f 1720/1975 1719/1974 1723/1979 1724/1980
f 1720/1975 1724/1980 1725/1981 1721/1977
f 1725/1981 1726/1982 1727/1983 1721/1977
f 1725/1981 1724/1980 1728/1984 1729/1985
f 1725/1981 1729/1985 1730/1986 1726/1982
f 1730/1986 1731/1987 1732/1988 1726/1982
f 1730/1986 1729/1985 1733/1989 1734/1990
f 1730/1986 1734/1990 1735/1991 1731/1987
f 1735/1991 1736/1992 1737/1993 1731/1987
f 1735/1991 1734/1990 1738/1994 1739/1995
f 1735/1991 1739/1995 1740/1996 1736/1992
f 1740/1996 1741/1997 1742/1998 1736/1992
f 1740/1996 1739/1995 1743/1999 1744/2000
f 1740/1996 1744/2000 1745/2001 1741/1997
f 1745/2001 1746/2002 1747/2003 1741/1997
f 1745/2001 1744/2000 1748/2004 1749/2005
f 1745/2001 1749/2005 1750/2006 1746/2002
f 1750/2007 1751/2008 1752/2009 1746/2010
f 1750/2011 1749/2012 1753/2013 1754/2014
f 1750/2011 1754/2014 1755/2015 1751/2016
f 1755/2015 1756/2017 1757/2018 1751/2016
f 1755/2015 1754/2014 1758/2019 1759/2020
f 1755/2015 1759/2020 1760/2021 1756/2017
f 1760/2021 1761/2022 1762/2023 1756/2017
f 1760/2021 1759/2020 1763/2024 1764/2025
f 1760/2021 1764/2025 1765/2026 1761/2022
f 1765/2026 1766/2027 1767/2028 1761/2022
f 1765/2026 1764/2025 1768/2029 1769/2030
f 1765/2026 1769/2030 1770/2031 1766/2027
f 1770/2031 1771/2032 1772/2033 1766/2027
f 1770/2031 1769/2030 1773/2034 1774/2035
f 1770/2031 1774/2035 1775/2036 1771/2032
f 1775/2036 1776/2037 1777/2038 1771/2032
f 1775/2036 1774/2035 1778/2039 1779/2040
f 1775/2041 1779/2042 1780/2043 1776/2044
f 1780/2043 1781/2045 1782/2046 1776/2044
f 1780/2043 1779/2042 1783/2047 1784/2048
f 1780/2043 1784/2048 1785/2049 1781/2045
f 1785/2049 1786/2050 1787/2051 1781/2045
f 1785/2049 1784/2048 1788/2052 1789/2053
f 1785/2049 1789/2053 1790/2054 1786/2050
f 1790/2054 1791/2055 1792/2056 1786/2050
f 1790/2054 1789/2053 1793/2057 1794/2058
f 1790/2054 1794/2058 1795/2059 1791/2055
f 1795/2059 1796/2060 1797/2061 1791/2055
f 1795/2059 1794/2058 1798/2062 1799/2063
f 1795/2059 1799/2063 1800/2064 1796/2060
f 1800/2064 1801/2065 1802/2066 1796/2060
f 1800/2064 1799/2063 1803/2067 1804/2068
f 1800/2064 1804/2068 1805/2069 1801/2065
f 1805/2069 1806/2070 1807/2071 1801/2065
f 1805/2069 1804/2068 1808/2072 1809/2073
f 1805/2069 1809/2073 1810/2074 1806/2070
f 1810/2075 1811/2076 1812/2077 1806/2078
f 1810/2075 1809/2079 1813/2080 1814/2081
f 1810/2075 1814/2081 1815/2082 1811/2076
f 1815/2082 1816/2083 1817/2084 1811/2076
f 1815/2082 1814/2081 1818/2085 1819/2086
f 1815/2082 1819/2086 1820/2087 1816/2083
f 1820/2087 1821/2088 1822/2089 1816/2083
f 1820/2087 1819/2086 1823/2090 1824/2091
f 1820/2087 1824/2091 1825/2092 1821/2088
f 1825/2092 1826/2093 1827/2094 1821/2088
f 1825/2092 1824/2091 1828/2095 1829/2096
f 1825/2092 1829/2096 1830/2097 1826/2093
f 1830/2097 1831/2098 1832/2099 1826/2093
f 1830/2097 1829/2096 1833/2100 1834/2101
f 1830/2097 1834/2101 1835/2102 1831/2098
f 1835/2102 1836/2103 1837/2104 1831/2098
f 1835/2102 1834/2101 1838/2105 1839/2106
f 1835/2107 1839/2108 1840/2109 1836/2110
f 1840/2109 1841/2111 1842/2112 1836/2110
f 1840/2109 1839/2108 1843/2113 1844/2114
f 1840/2109 1844/2114 1845/2115 1841/2111
f 1845/2115 1846/2116 1847/2117 1841/2111
f 1845/2115 1844/2114 1848/2118 1849/2119
f 1845/2115 1849/2119 1850/2120 1846/2116
f 1850/2120 1851/2121 1852/2122 1846/2116
f 1850/2120 1849/2119 1853/2123 1854/2124
f 1850/2120 1854/2124 1855/2125 1851/2121
f 1855/2125 1856/2126 1857/2127 1851/2121
f 1855/2125 1854/2124 1858/2128 1859/2129
f 1855/2125 1859/2129 1860/2130 1856/2126
f 1860/2130 1861/2131 1862/2132 1856/2126
f 1860/2133 1859/2134 1863/2135 1864/2136
f 1860/2133 1864/2136 1865/2137 1861/2138
f 1865/2137 1866/2139 1867/2140 1861/2138
f 1865/2137 1864/2136 1868/2141 1869/2142
f 1865/2137 1869/2142 1870/2143 1866/2139
f 1870/2143 1871/2144 1872/2145 1866/2139
f 1870/2143 1869/2142 1873/2146 1874/2147
f 1870/2143 1874/2147 1875/2148 1871/2144
f 1875/2148 1876/2149 1877/2150 1871/2144
f 1875/2148 1874/2147 1878/2151 1879/2152
f 1875/2148 1879/2152 1880/2153 1876/2149
f 1880/2153 1881/2154 1882/2155 1876/2149
f 1880/2153 1879/2152 1883/2156 1884/2157
f 1880/2153 1884/2157 1885/2158 1881/2154
f 1885/2158 1886/2159 1887/2160 1881/2154
f 1885/2161 1884/2162 1888/2163 1889/2164
f 1885/2161 1889/2164 1890/2165 1886/2166
f 1890/2165 1891/2167 1892/2168 1886/2166
f 1890/2165 1889/2164 1893/2169 1894/2170
f 1890/2165 1894/2170 1895/2171 1891/2167
f 1895/2171 1896/2172 1897/2173 1891/2167
f 1895/2171 1894/2170 1898/2174 1899/2175
f 1895/2171 1899/2175 1900/2176 1896/2172
f 1900/2176 1901/2177 1902/2178 1896/2172
f 1900/2176 1899/2175 1903/2179 1904/2180
f 1900/2176 1904/2180 1905/2181 1901/2177
f 1905/2182 1906/2183 1907/2184 1901/2185
f 1905/2186 1904/2187 1908/2188 1909/2189
f 1905/2186 1909/2189 1910/2190 1906/2191
f 1910/2190 1911/2192 1912/2193 1906/2191
f 1910/2190 1909/2189 1913/2194 1914/2195
f 1910/2190 1914/2195 1915/2196 1911/2192
f 1915/2196 1916/2197 1917/2198 1911/2192
f 1915/2196 1914/2195 1918/2199 1919/2200
f 1915/2196 1919/2200 1920/2201 1916/2197
f 1920/2201 1921/2202 1922/2203 1916/2197
f 1920/2201 1919/2200 1923/2204 1924/2205
f 1920/2201 1924/2205 1925/2206 1921/2202
f 1925/2206 1926/2207 1927/2208 1921/2202
f 1925/2206 1924/2205 1928/2209 1929/2210
f 1925/2206 1929/2210 1930/2211 1926/2207
f 1930/2211 1931/2212 1932/2213 1926/2207
f 1930/2211 1929/2210 1933/2214 1934/2215
f 1930/2211 1934/2215 1935/2216 1931/2212
f 1935/2217 1936/2218 1937/2219 1931/2220
f 1935/2217 1934/2221 1938/2222 1939/2223
f 1935/2217 1939/2223 1940/2224 1936/2218
f 1940/2224 1941/2225 1942/2226 1936/2218
f 1940/2224 1939/2223 1943/2227 1944/2228
f 1940/2224 1944/2228 1945/2229 1941/2225
f 1945/2229 1946/2230 1947/2231 1941/2225
f 1945/2229 1944/2228 1948/2232 1949/2233
f 1945/2229 1949/2233 1950/2234 1946/2230
f 1950/2234 1951/2235 1952/2236 1946/2230
f 1950/2234 1949/2233 1953/2237 1954/2238
f 1950/2234 1954/2238 1955/2239 1951/2235
f 1955/2239 1956/2240 1957/2241 1951/2235
f 1955/2239 1954/2238 1958/2242 1959/2243
f 1955/2239 1959/2243 1960/2244 1956/2240
f 1960/2244 1961/2245 1962/2246 1956/2240
f 1960/2244 1959/2243 1963/2247 1964/2248
f 1960/2244 1964/2248 1965/2249 1961/2245
f 1965/2249 1966/2250 1967/2251 1961/2245
f 1965/2249 1964/2248 1968/2252 1969/2253
f 1965/2249 1969/2253 1970/2254 1966/2250
f 1970/2255 1971/2256 1972/2257 1966/2258
f 1970/2255 1969/2259 1973/2260 1974/2261
f 1970/2255 1974/2261 1975/2262 1971/2256
f 1975/2262 1976/2263 1977/2264 1971/2256
f 1975/2262 1974/2261 1978/2265 1979/2266
f 1975/2262 1979/2266 1980/2267 1976/2263
f 1980/2267 1981/2268 1982/2269 1976/2263
f 1980/2267 1979/2266 1983/2270 1984/2271
f 1980/2267 1984/2271 1985/2272 1981/2268
f 1985/2272 1986/2273 1987/2274 1981/2268
f 1985/2272 1984/2271 1988/2275 1989/2276
f 1985/2272 1989/2276 1990/2277 1986/2273
f 1990/2277 1991/2278 1992/2279 1986/2273
f 1990/2277 1989/2276 1993/2280 1994/2281
f 1990/2277 1994/2281 1995/2282 1991/2278
f 1995/2283 1996/2284 1997/2285 1991/2286
f 1995/2283 1994/2287 1998/2288 1999/2289
f 1995/2283 1999/2289 2000/2290 1996/2284
f 2000/2290 2001/2291 2002/2292 1996/2284
f 2000/2290 1999/2289 2003/2293 2004/2294
f 2000/2290 2004/2294 2005/2295 2001/2291
f 2005/2295 2006/2296 2007/2297 2001/2291
f 2005/2295 2004/2294 2008/2298 2009/2299
f 2005/2295 2009/2299 2010/2300 2006/2296
f 2010/2300 2011/2301 2012/2302 2006/2296
f 2010/2300 2009/2299 2013/2303 2014/2304
f 2010/2300 2014/2304 2015/2305 2011/2301
f 2015/2305 2016/2306 2017/2307 2011/2301
f 2015/2305 2014/2304 2018/2308 2019/2309
f 2015/2305 2019/2309 2020/2310 2016/2306
f 2020/2310 2021/2311 2022/2312 2016/2306
f 2020/2310 2019/2309 2023/2313 2024/2314
f 2020/2310 2024/2314 2025/2315 2021/2311
f 2025/2315 2026/2316 2027/2317 2021/2311
f 2025/2315 2024/2314 2028/2318 2029/2319
f 2025/2315 2029/2319 2030/2320 2026/2316
f 2030/2320 2031/2321 2032/2322 2026/2316
f 2030/2323 2029/2324 2033/2325 2034/2326
f 2030/2323 2034/2326 2035/2327 2031/2328
f 2035/2327 2036/2329 2037/2330 2031/2328
f 2035/2327 2034/2326 2038/2331 2039/2332
f 2035/2327 2039/2332 2040/2333 2036/2329
f 2040/2333 2041/2334 2042/2335 2036/2329
f 2040/2336 2039/2337 2043/2338 2044/2339
f 2040/2333 2044/2340 2045/2341 2041/2334
f 2045/2341 2046/2342 2047/2343 2041/2334
f 2045/2344 2044/2339 2048/2345 2049/2346
f 2045/2341 2049/2347 2050/2348 2046/2342
f 2050/2348 2051/2349 2052/2350 2046/2342
f 2050/2351 2049/2346 2053/2352 2054/2353
f 2050/2348 2054/2354 2055/2355 2051/2349
f 2055/2355 2056/2356 2057/2357 2051/2349
f 2055/2358 2054/2353 2058/2359 2059/2360
f 2055/2358 2059/2360 2060/2361 2056/2362
f 2060/2363 2061/2364 2062/2365 2056/2366
f 2060/2361 2059/2360 2063/2367 2064/2368
f 2060/2363 2064/2369 2065/2370 2061/2364
f 2065/2370 2066/2371 2067/2372 2061/2364
f 2065/2370 2064/2369 2068/2373 2069/2374
f 2065/2370 2069/2374 2070/2375 2066/2371
f 2070/2375 2071/2376 2072/2377 2066/2371
f 2070/2378 2069/2379 2073/2380 2074/2381
f 2070/2375 2074/2382 2075/2383 2071/2376
f 2075/2383 2076/2384 2077/2385 2071/2376
f 2075/2386 2074/2381 2078/2387 2079/2388
f 2075/2386 2079/2388 2080/2389 2076/2390
f 2080/2389 2081/2391 2082/2392 2076/2390
f 2080/2389 2079/2388 2083/2393 2084/2394
f 2080/2389 2084/2394 2085/2395 2081/2391
f 2085/2395 2086/2396 2087/2397 2081/2391
f 2085/2395 2084/2394 2088/2398 2089/2399
f 2085/2395 2089/2399 2090/2400 2086/2396
f 2090/2400 2091/2401 2092/2402 2086/2396
f 2090/2400 2089/2399 2093/2403 2094/2404
f 2090/2400 2094/2404 2095/2405 2091/2401
f 2095/2405 2096/2406 2097/2407 2091/2401
f 2095/2405 2094/2404 2098/2408 2099/2409
f 2095/2405 2099/2409 2100/2410 2096/2406
f 2100/2410 2101/2411 2102/2412 2096/2406
f 2100/2413 2099/2414 2103/2415 2104/2416
f 2100/2413 2104/2416 2105/2417 2101/2418
f 2105/2417 2106/2419 2107/2420 2101/2418
f 2105/2417 2104/2416 2108/2421 2109/2422
f 2105/2417 2109/2422 2110/2423 2106/2419
f 2110/2423 2111/2424 2112/2425 2106/2419
f 2110/2423 2109/2422 2113/2426 2114/2427
f 2110/2423 2114/2427 2115/2428 2111/2424
f 2115/2428 2116/2429 2117/2430 2111/2424
f 2115/2428 2114/2427 2118/2431 2119/2432
f 2115/2428 2119/2432 2120/2433 2116/2429
f 2120/2433 2121/2434 2122/2435 2116/2429
f 2120/2433 2119/2432 2123/2436 2124/2437
f 2120/2433 2124/2437 2125/2438 2121/2434
f 2125/2438 2126/2439 2127/2440 2121/2434
f 2125/2438 2124/2437 2128/2441 2129/2442
f 2125/2443 2129/2444 2130/2445 2126/2446
f 2130/2445 2131/2447 2132/2448 2126/2446
f 2130/2445 2129/2444 2133/2449 2134/2450
f 2130/2445 2134/2450 2135/2451 2131/2447
f 2135/2451 2136/2452 2137/2453 2131/2447
f 2135/2451 2134/2450 2138/2454 2139/2455
f 2135/2451 2139/2455 2140/2456 2136/2452
f 2140/2456 2141/2457 2142/2458 2136/2452
f 2140/2456 2139/2455 2143/2459 2144/2460
f 2140/2456 2144/2460 2145/2461 2141/2457
f 2145/2461 2146/2462 2147/2463 2141/2457
f 2145/2461 2144/2460 2148/2464 2149/2465
f 2145/2461 2149/2465 2150/2466 2146/2462
f 2150/2466 2151/2467 2152/2468 2146/2462
f 2150/2466 2149/2465 2153/2469 2154/2470
f 2150/2466 2154/2470 2155/2471 2151/2467
f 2155/2471 2156/2472 2157/2473 2151/2467
f 2155/2471 2154/2470 2158/2474 2159/2475
f 2155/2476 2159/2477 2160/2478 2156/2479
f 2160/2478 2161/2480 2162/2481 2156/2479
f 2160/2478 2159/2477 2163/2482 2164/2483
f 2160/2478 2164/2483 2165/2484 2161/2480
f 2165/2484 2166/2485 12/15 2161/2480
f 2165/2484 2164/2483 2167/2486 2168/2487
f 2165/2484 2168/2487 2169/2488 2166/2485
f 2169/2488 2170/2489 16/19 2166/2485
f 2169/2488 2168/2487 2171/2490 2172/2491
f 2169/2488 2172/2491 2173/2492 2170/2489
f 2173/2492 2174/2493 21/24 2170/2489
f 2173/2492 2172/2491 2175/2494 2176/2495
f 2173/2492 2176/2495 2177/2496 2174/2493
f 2177/2496 2178/2497 26/29 2174/2493
f 2177/2496 2176/2495 2179/2498 2180/2499
f 2177/2496 2180/2499 2181/2500 2178/2497
f 2181/2500 2182/2501 31/34 2178/2497
f 2181/2502 2180/2503 2183/2504 2184/2505
f 2181/2502 2184/2505 2185/2506 2182/2507
f 2185/2506 2186/2508 36/2509 2182/2507
f 2185/2506 2184/2505 2187/2510 2188/2511
f 2185/2506 2188/2511 2189/2512 2186/2508
f 2189/2512 2190/2513 41/46 2186/2508
f 2189/2512 2188/2511 2191/2514 2192/2515
f 2189/2512 2192/2515 2193/2516 2190/2513
f 2193/2516 2194/2517 46/52 2190/2513
f 2193/2516 2192/2515 2195/2518 2196/2519
f 2193/2516 2196/2519 2197/2520 2194/2517
f 2197/2520 2198/2521 51/57 2194/2517
f 2197/2520 2196/2519 2199/2522 2200/2523
f 2197/2520 2200/2523 2201/2524 2198/2521
f 2201/2524 2202/2525 56/62 2198/2521
f 2201/2526 2200/2527 2203/2528 2204/2529
f 2201/2526 2204/2529 2205/2530 2202/2531
f 2205/2532 2206/2533 61/2534 2202/2535
f 2205/2530 2204/2529 2207/2536 2208/2537
f 2205/2532 2208/2538 2209/2539 2206/2533
f 2209/2539 2210/2540 66/74 2206/2533
f 2209/2539 2208/2538 2211/2541 2212/2542
f 2209/2539 2212/2542 2213/2543 2210/2540
f 2213/2543 2214/2544 71/80 2210/2540
f 2213/2545 2212/2546 2215/2547 2216/2548
f 2213/2543 2216/2549 2217/2550 2214/2544
f 2217/2550 2218/2551 76/85 2214/2544
f 2217/2552 2216/2548 2219/2553 2220/2554
f 2217/2552 2220/2554 2221/2555 2218/2556
f 2221/2557 2222/2558 81/90 2218/2551
f 2221/2555 2220/2554 2223/2559 2224/2560
f 2221/2557 2224/2561 2225/2562 2222/2558
f 2225/2562 2226/2563 86/95 2222/2558
f 2225/2564 2224/2560 2227/2565 2228/2566
f 2225/2564 2228/2566 2229/2567 2226/2568
f 2229/2567 2230/2569 91/2570 2226/2568
f 2229/2567 2228/2566 2231/2571 2232/2572
f 2229/2567 2232/2572 2233/2573 2230/2569
f 2233/2574 2234/2575 96/105 2230/2576
f 2233/2577 2232/2578 2235/2579 2236/2580
f 2233/2577 2236/2580 2237/2581 2234/2582
f 2237/2581 2238/2583 101/2584 2234/2582
f 2237/2581 2236/2580 2239/2585 2240/2586
f 2237/2581 2240/2586 2241/2587 2238/2583
f 2241/2587 2242/2588 106/2589 2238/2583
f 2241/2587 2240/2586 2243/2590 2244/2591
f 2241/2587 2244/2591 2245/2592 2242/2588
f 2245/2592 2246/2593 111/2594 2242/2588
f 2245/2592 2244/2591 2247/2595 2248/2596
f 2245/2592 2248/2596 2249/2597 2246/2593
f 2249/2597 2250/2598 116/130 2246/2593
f 2249/2597 2248/2596 2251/2599 2252/2600
f 2249/2597 2252/2600 2253/2601 2250/2598
f 2253/2601 2254/2602 121/137 2250/2598
f 2253/2601 2252/2600 2255/2603 2256/2604
f 2253/2601 2256/2604 2257/2605 2254/2602
f 2257/2605 2258/2606 126/144 2254/2602
f 2257/2605 2256/2604 2259/2607 2260/2608
f 2257/2605 2260/2608 2261/2609 2258/2606
f 2261/2609 2262/2610 131/2611 2258/2606
f 2261/2609 2260/2608 2263/2612 2264/2613
f 2261/2609 2264/2613 2265/2614 2262/2610
f 2265/2615 2266/2616 136/158 2262/2617
f 2265/2618 2264/2619 2267/2620 2268/2621
f 2265/2618 2268/2621 2269/2622 2266/2623
f 2269/2622 2270/2624 141/2625 2266/2623
f 2269/2622 2268/2621 2271/2626 2272/2627
f 2269/2622 2272/2627 2273/2628 2270/2624
f 2273/2628 2274/2629 146/170 2270/2624
f 2273/2628 2272/2627 2275/2630 2276/2631
f 2273/2628 2276/2631 2277/2632 2274/2629
f 2277/2632 2278/2633 151/176 2274/2629
f 2277/2632 2276/2631 2279/2634 2280/2635
f 2277/2632 2280/2635 2281/2636 2278/2633
f 2281/2636 2282/2637 156/181 2278/2633
f 2281/2636 2280/2635 2283/2638 2284/2639
f 2281/2636 2284/2639 2285/2640 2282/2637
f 2285/2640 2286/2641 161/186 2282/2637
f 2285/2642 2284/2643 2287/2644 2288/2645
f 2285/2642 2288/2645 2289/2646 2286/2647
f 2289/2646 2290/2648 166/2649 2286/2647
f 2289/2646 2288/2645 2291/2650 2292/2651
f 2289/2646 2292/2651 2293/2652 2290/2648
f 2293/2652 2294/2653 171/198 2290/2648
f 2293/2652 2292/2651 2295/2654 2296/2655
f 2293/2652 2296/2655 2297/2656 2294/2653
f 2297/2656 2298/2657 176/204 2294/2653
f 2297/2656 2296/2655 2299/2658 2300/2659
f 2297/2656 2300/2659 2301/2660 2298/2657
f 2301/2660 2302/2661 181/209 2298/2657
f 2301/2660 2300/2659 2303/2662 2304/2663
f 2301/2660 2304/2663 2305/2664 2302/2661
f 2305/2664 2306/2665 186/214 2302/2661
f 2305/2664 2304/2663 2307/2666 2308/2667
f 2305/2664 2308/2667 2309/2668 2306/2665
f 2309/2668 2310/2669 191/219 2306/2665
f 2309/2668 2308/2667 2311/2670 2312/2671
f 2309/2668 2312/2671 2313/2672 2310/2669
f 2313/2673 2314/2674 196/227 2310/2675
f 2313/2673 2312/2676 2315/2677 2316/2678
f 2313/2673 2316/2678 2317/2679 2314/2674
f 2317/2679 2318/2680 201/232 2314/2674
f 2317/2679 2316/2678 2319/2681 2320/2682
f 2317/2679 2320/2682 2321/2683 2318/2680
f 2321/2683 2322/2684 206/237 2318/2680
f 2321/2683 2320/2682 2323/2685 2324/2686
f 2321/2683 2324/2686 2325/2687 2322/2684
f 2325/2687 2326/2688 211/242 2322/2684
f 2325/2687 2324/2686 2327/2689 2328/2690
f 2325/2687 2328/2690 2329/2691 2326/2688
f 2329/2691 2330/2692 216/247 2326/2688
f 2329/2691 2328/2690 2331/2693 2332/2694
f 2329/2691 2332/2694 2333/2695 2330/2692
f 2333/2695 2334/2696 221/252 2330/2692
f 2333/2695 2332/2694 2335/2697 2336/2698
f 2333/2695 2336/2698 2337/2699 2334/2696
f 2337/2700 2338/2701 226/2702 2334/2703
f 2337/2700 2336/2704 2339/2705 2340/2706
f 2337/2700 2340/2706 2341/2707 2338/2701
f 2341/2707 2342/2708 231/265 2338/2701
f 2341/2707 2340/2706 2343/2709 2344/2710
f 2341/2707 2344/2710 2345/2711 2342/2708
f 2345/2711 2346/2712 236/270 2342/2708
f 2345/2711 2344/2710 2347/2713 2348/2714
f 2345/2711 2348/2714 2349/2715 2346/2712
f 2349/2715 2350/2716 241/275 2346/2712
f 2349/2715 2348/2714 2351/2717 2352/2718
f 2349/2715 2352/2718 2353/2719 2350/2716
f 2353/2719 2354/2720 246/280 2350/2716
f 2353/2721 2352/2722 2355/2723 2356/2724
f 2353/2721 2356/2724 2357/2725 2354/2726
f 2357/2725 2358/2727 251/2728 2354/2726
f 2357/2725 2356/2724 2359/2729 2360/2730
f 2357/2725 2360/2730 2361/2731 2358/2727
f 2361/2731 2362/2732 256/292 2358/2727
f 2361/2731 2360/2730 2363/2733 2364/2734
f 2361/2731 2364/2734 2365/2735 2362/2732
f 2365/2735 2366/2736 261/298 2362/2732
f 2365/2735 2364/2734 2367/2737 2368/2738
f 2365/2735 2368/2738 2369/2739 2366/2736
f 2369/2739 2370/2740 266/303 2366/2736
f 2369/2741 2368/2742 2371/2743 2372/2744
f 2369/2741 2372/2744 2373/2745 2370/2746
f 2373/2747 2374/2748 271/308 2370/2740
f 2373/2745 2372/2744 2375/2749 2376/2750
f 2373/2745 2376/2750 2377/2751 2374/2752
f 2377/2751 2378/2753 276/2754 2374/2752
f 2377/2751 2376/2750 2379/2755 2380/2756
f 2377/2751 2380/2756 2381/2757 2378/2753
f 2381/2757 2382/2758 281/320 2378/2753
f 2381/2757 2380/2756 2383/2759 2384/2760
f 2381/2757 2384/2760 2385/2761 2382/2758
f 2385/2761 2386/2762 286/2763 2382/2758
f 2385/2761 2384/2760 2387/2764 2388/2765
f 2385/2761 2388/2765 2389/2766 2386/2762
f 2389/2767 2390/2768 291/2769 2386/2770
f 2389/2767 2388/2771 2391/2772 2392/2773
f 2389/2767 2392/2773 2393/2774 2390/2768
f 2393/2774 2394/2775 296/2776 2390/2768
f 2393/2774 2392/2773 2395/2777 2396/2778
f 2393/2774 2396/2778 2397/2779 2394/2775
f 2397/2779 2398/2780 301/345 2394/2775
f 2397/2779 2396/2778 2399/2781 2400/2782
f 2397/2779 2400/2782 2401/2783 2398/2780
f 2401/2783 2402/2784 306/352 2398/2780
f 2401/2783 2400/2782 2403/2785 2404/2786
f 2401/2783 2404/2786 2405/2787 2402/2784
f 2405/2787 2406/2788 311/359 2402/2784
f 2405/2787 2404/2786 2407/2789 2408/2790
f 2405/2787 2408/2790 2409/2791 2406/2788
f 2409/2791 2410/2792 316/366 2406/2788
f 2409/2791 2408/2790 2411/2793 2412/2794
f 2409/2795 2412/2796 2413/2797 2410/2798
f 2413/2797 2414/2799 321/374 2410/2798
f 2413/2797 2412/2796 2415/2800 2416/2801
f 2413/2797 2416/2801 2417/2802 2414/2799
f 2417/2802 2418/2803 326/380 2414/2799
f 2417/2802 2416/2801 2419/2804 2420/2805
f 2417/2802 2420/2805 2421/2806 2418/2803
f 2421/2806 2422/2807 331/385 2418/2803
f 2421/2806 2420/2805 2423/2808 2424/2809
f 2421/2806 2424/2809 2425/2810 2422/2807
f 2425/2810 2426/2811 336/390 2422/2807
f 2425/2810 2424/2809 2427/2812 2428/2813
f 2425/2810 2428/2813 2429/2814 2426/2811
f 2429/2814 2430/2815 341/395 2426/2811
f 2429/2814 2428/2813 2431/2816 2432/2817
f 2429/2814 2432/2817 2433/2818 2430/2815
f 2433/2818 2434/2819 346/400 2430/2815
f 2433/2818 2432/2817 2435/2820 2436/2821
f 2433/2818 2436/2821 2437/2822 2434/2819
f 2437/2822 2438/2823 351/405 2434/2819
f 2437/2824 2436/2825 2439/2826 2440/2827
f 2437/2824 2440/2827 2441/2828 2438/2829
f 2441/2828 2442/2830 356/2831 2438/2829
f 2441/2828 2440/2827 2443/2832 2444/2833
f 2441/2828 2444/2833 2445/2834 2442/2830
f 2445/2834 2446/2835 361/418 2442/2830
f 2445/2834 2444/2833 2447/2836 2448/2837
f 2445/2834 2448/2837 2449/2838 2446/2835
f 2449/2838 2450/2839 366/423 2446/2835
f 2449/2838 2448/2837 2451/2840 2452/2841
f 2449/2838 2452/2841 2453/2842 2450/2839
f 2453/2842 2454/2843 371/428 2450/2839
f 2453/2842 2452/2841 2455/2844 2456/2845
f 2453/2842 2456/2845 2457/2846 2454/2843
f 2457/2846 2458/2847 376/433 2454/2843
f 2457/2846 2456/2845 2459/2848 2460/2849
f 2457/2846 2460/2849 2461/2850 2458/2847
f 2461/2851 2462/2852 381/2853 2458/2854
f 2461/2851 2460/2855 2463/2856 2464/2857
f 2461/2851 2464/2857 2465/2858 2462/2852
f 2465/2858 2466/2859 386/445 2462/2852
f 2465/2858 2464/2857 2467/2860 2468/2861
f 2465/2858 2468/2861 2469/2862 2466/2859
f 2469/2862 2470/2863 391/451 2466/2859
f 2469/2862 2468/2861 2471/2864 2472/2865
f 2469/2862 2472/2865 2473/2866 2470/2863
f 2473/2866 2474/2867 396/456 2470/2863
f 2473/2866 2472/2865 2475/2868 2476/2869
f 2473/2866 2476/2869 2477/2870 2474/2867
f 2477/2870 2478/2871 401/461 2474/2867
f 2477/2870 2476/2869 2479/2872 2480/2873
f 2477/2870 2480/2873 2481/2874 2478/2871
f 2481/2874 2482/2875 406/466 2478/2871
f 2481/2874 2480/2873 2483/2876 2484/2877
f 2481/2874 2484/2877 2485/2878 2482/2875
f 2485/2878 2486/2879 411/471 2482/2875
f 2485/2878 2484/2877 2487/2880 2488/2881
f 2485/2878 2488/2881 2489/2882 2486/2879
f 2489/2882 2490/2883 416/476 2486/2879
f 2489/2884 2488/2885 2491/2886 2492/2887
f 2489/2888 2492/2889 2493/2890 2490/2891
f 2493/2890 2494/2892 421/484 2490/2891
f 2493/2893 2492/2887 2495/2894 2496/2895
f 2493/2893 2496/2895 2497/2896 2494/2897
f 2497/2898 2498/2899 426/489 2494/2892
f 2497/2896 2496/2895 2499/2900 2500/2901
f 2497/2898 2500/2902 2501/2903 2498/2899
f 2501/2903 2502/2904 431/494 2498/2899
f 2501/2905 2500/2901 2503/2906 2504/2907
f 2501/2905 2504/2907 2505/2908 2502/2909
f 2505/2910 2506/2911 436/499 2502/2904
f 2505/2908 2504/2907 2507/2912 2508/2913
f 2505/2910 2508/2914 2509/2915 2506/2911
f 2509/2915 2510/2916 441/504 2506/2911
f 2509/2917 2508/2913 2511/2918 2512/2919
f 2509/2917 2512/2919 2513/2920 2510/2921
f 2513/2922 2514/2923 446/2924 2510/2925
f 2513/2920 2512/2919 2515/2926 2516/2927
f 2513/2922 2516/2928 2517/2929 2514/2923
f 2517/2929 2518/2930 451/517 2514/2923
f 2517/2929 2516/2928 2519/2931 2520/2932
f 2517/2929 2520/2932 2521/2933 2518/2930
f 2521/2933 2522/2934 456/522 2518/2930
f 2521/2935 2520/2936 2523/2937 2524/2938
f 2521/2935 2524/2938 2525/2939 2522/2940
f 2525/2941 2526/2942 461/527 2522/2934
f 2525/2939 2524/2938 2527/2943 2528/2944
f 2525/2939 2528/2944 2529/2945 2526/2946
f 2529/2945 2530/2947 466/2948 2526/2946
f 2529/2945 2528/2944 2531/2949 2532/2950
f 2529/2945 2532/2950 2533/2951 2530/2947
f 2533/2951 2534/2952 471/539 2530/2947
f 2533/2951 2532/2950 2535/2953 2536/2954
f 2533/2951 2536/2954 2537/2955 2534/2952
f 2537/2955 2538/2956 476/545 2534/2952
f 2537/2955 2536/2954 2539/2957 2540/2958
f 2537/2955 2540/2958 2541/2959 2538/2956
f 2541/2959 2542/2960 481/550 2538/2956
f 2541/2961 2540/2962 2543/2963 2544/2964
f 2541/2961 2544/2964 2545/2965 2542/2966
f 2545/2965 2546/2967 486/2968 2542/2966
f 2545/2965 2544/2964 2547/2969 2548/2970
f 2545/2965 2548/2970 2549/2971 2546/2967
f 2549/2971 2550/2972 491/562 2546/2967
f 2549/2971 2548/2970 2551/2973 2552/2974
f 2549/2971 2552/2974 2553/2975 2550/2972
f 2553/2975 2554/2976 496/569 2550/2972
f 2553/2975 2552/2974 2555/2977 2556/2978
f 2553/2975 2556/2978 2557/2979 2554/2976
f 2557/2979 2558/2980 501/575 2554/2976
f 2557/2979 2556/2978 2559/2981 2560/2982
f 2557/2979 2560/2982 2561/2983 2558/2980
f 2561/2983 2562/2984 506/580 2558/2980
f 2561/2983 2560/2982 2563/2985 2564/2986
f 2561/2983 2564/2986 2565/2987 2562/2984
f 2565/2988 2566/2989 511/2990 2562/2991
f 2565/2988 2564/2992 2567/2993 2568/2994
f 2565/2988 2568/2994 2569/2995 2566/2989
f 2569/2995 2570/2996 516/593 2566/2989
f 2569/2995 2568/2994 2571/2997 2572/2998
f 2569/2995 2572/2998 2573/2999 2570/2996
f 2573/2999 2574/3000 521/598 2570/2996
f 2573/2999 2572/2998 2575/3001 2576/3002
f 2573/2999 2576/3002 2577/3003 2574/3000
f 2577/3003 2578/3004 526/603 2574/3000
f 2577/3003 2576/3002 2579/3005 2580/3006
f 2577/3003 2580/3006 2581/3007 2578/3004
f 2581/3007 2582/3008 531/608 2578/3004
f 2581/3007 2580/3006 2583/3009 2584/3010
f 2581/3007 2584/3010 2585/3011 2582/3008
f 2585/3011 2586/3012 536/613 2582/3008
f 2585/3011 2584/3010 2587/3013 2588/3014
f 2585/3011 2588/3014 2589/3015 2586/3012
f 2589/3015 2590/3016 541/618 2586/3012
f 2589/3017 2588/3018 2591/3019 2592/3020
f 2589/3017 2592/3020 2593/3021 2590/3022
f 2593/3021 2594/3023 546/626 2590/3022
f 2593/3021 2592/3020 2595/3024 2596/3025
f 2593/3021 2596/3025 2597/3026 2594/3023
f 2597/3026 2598/3027 551/631 2594/3023
f 2597/3026 2596/3025 2599/3028 2600/3029
f 2597/3026 2600/3029 2601/3030 2598/3027
f 2601/3030 2602/3031 556/636 2598/3027
f 2601/3030 2600/3029 2603/3032 2604/3033
f 2601/3030 2604/3033 2605/3034 2602/3031
f 2605/3034 2606/3035 561/641 2602/3031
f 2605/3034 2604/3033 2607/3036 2608/3037
f 2605/3034 2608/3037 2609/3038 2606/3035
f 2609/3038 2610/3039 566/646 2606/3035
f 2609/3040 2608/3041 2611/3042 2612/3043
f 2609/3040 2612/3043 2613/3044 2610/3045
f 2613/3044 2614/3046 571/3047 2610/3045
f 2613/3044 2612/3043 2615/3048 2616/3049
f 2613/3044 2616/3049 2617/3050 2614/3046
f 2617/3050 2618/3051 576/658 2614/3046
f 2617/3050 2616/3049 2619/3052 2620/3053
f 2617/3050 2620/3053 2621/3054 2618/3051
f 2621/3054 2622/3055 581/664 2618/3051
f 2621/3054 2620/3053 2623/3056 2624/3057
f 2621/3054 2624/3057 2625/3058 2622/3055
f 2625/3058 2626/3059 586/669 2622/3055
f 2625/3058 2624/3057 2627/3060 2628/3061
f 2625/3058 2628/3061 2629/3062 2626/3059
f 2629/3062 2630/3063 591/674 2626/3059
f 2629/3064 2628/3065 2631/3066 2632/3067
f 2629/3064 2632/3067 2633/3068 2630/3069
f 2633/3068 2634/3070 596/3071 2630/3069
f 2633/3068 2632/3067 2635/3072 2636/3073
f 2633/3068 2636/3073 2637/3074 2634/3070
f 2637/3075 2638/3076 601/3077 2634/3078
f 2637/3074 2636/3073 2639/3079 2640/3080
f 2637/3075 2640/3081 2641/3082 2638/3076
f 2641/3082 2642/3083 606/692 2638/3076
f 2641/3082 2640/3081 2643/3084 2644/3085
f 2641/3082 2644/3085 2645/3086 2642/3083
f 2645/3086 2646/3087 611/697 2642/3083
f 2645/3088 2644/3089 2647/3090 2648/3091
f 2645/3086 2648/3092 2649/3093 2646/3087
f 2649/3093 2650/3094 616/702 2646/3087
f 2649/3095 2648/3091 2651/3096 2652/3097
f 2649/3095 2652/3097 2653/3098 2650/3099
f 2653/3100 2654/3101 621/707 2650/3094
f 2653/3098 2652/3097 2655/3102 2656/3103
f 2653/3098 2656/3103 2657/3104 2654/3105
f 2657/3106 2658/3107 626/712 2654/3101
f 2657/3104 2656/3103 2659/3108 2660/3109
f 2657/3104 2660/3109 2661/3110 2658/3111
f 2661/3110 2662/3112 631/3113 2658/3111
f 2661/3110 2660/3109 2663/3114 2664/3115
f 2661/3110 2664/3115 2665/3116 2662/3112
f 2665/3117 3/3118 636/722 2662/3119
f 2665/3116 2664/3115 2666/3120 10/3121
f 2665/3122 10/13 4/4 3/3
f 2666/3120 2664/3115 2663/3114 2157/2473
f 2666/3123 2157/3124 2156/2479 2162/2481
f 2666/3123 2162/2481 11/14 10/13
f 2663/3114 2660/3109 2659/3108 2152/2468
f 2663/3114 2152/2468 2151/2467 2157/2473
f 2662/3119 636/722 632/718 631/717
f 2659/3108 2656/3103 2655/3102 2147/2463
f 2659/3108 2147/2463 2146/2462 2152/2468
f 2658/3107 631/717 627/713 626/712
f 2655/3102 2652/3097 2651/3096 2142/2458
f 2655/3102 2142/2458 2141/2457 2147/2463
f 2654/3101 626/712 622/708 621/707
f 2651/3096 2648/3091 2647/3090 2137/2453
f 2651/3096 2137/2453 2136/2452 2142/2458
f 2650/3094 621/707 617/703 616/702
f 2647/3090 2644/3089 2643/3125 2132/2448
f 2647/3090 2132/2448 2131/2447 2137/2453
f 2646/3087 616/702 612/698 611/697
f 2643/3126 2640/3080 2639/3079 2127/2440
f 2643/3126 2127/2440 2126/2439 2132/3127
f 2642/3083 611/697 607/693 606/692
f 2639/3079 2636/3073 2635/3072 2122/2435
f 2639/3079 2122/2435 2121/2434 2127/2440
f 2638/3076 606/692 602/687 601/3077
f 2635/3072 2632/3067 2631/3066 2117/2430
f 2635/3072 2117/2430 2116/2429 2122/2435
f 2634/3128 601/684 597/680 596/679
f 2631/3066 2628/3065 2627/3129 2112/2425
f 2631/3066 2112/2425 2111/2424 2117/2430
f 2630/3063 596/679 592/675 591/674
f 2627/3060 2624/3057 2623/3056 2107/3130
f 2627/3129 2107/2420 2106/2419 2112/2425
f 2626/3059 591/674 587/670 586/669
f 2623/3056 2620/3053 2619/3052 2102/2412
f 2623/3056 2102/2412 2101/2411 2107/3130
f 2622/3055 586/669 582/665 581/664
f 2619/3052 2616/3049 2615/3048 2097/2407
f 2619/3052 2097/2407 2096/2406 2102/2412
f 2618/3051 581/664 577/659 576/658
f 2615/3048 2612/3043 2611/3042 2092/2402
f 2615/3048 2092/2402 2091/2401 2097/2407
f 2614/3046 576/658 572/657 571/3047
f 2611/3042 2608/3041 2607/3131 2087/2397
f 2611/3042 2087/2397 2086/2396 2092/2402
f 2610/3039 571/651 567/647 566/646
f 2607/3036 2604/3033 2603/3032 2082/3132
f 2607/3131 2082/2392 2081/2391 2087/2397
f 2606/3035 566/646 562/642 561/641
f 2603/3032 2600/3029 2599/3028 2077/2385
f 2603/3032 2077/2385 2076/2384 2082/3132
f 2602/3031 561/641 557/637 556/636
f 2599/3028 2596/3025 2595/3024 2072/2377
f 2599/3028 2072/2377 2071/2376 2077/2385
f 2598/3027 556/636 552/632 551/631
f 2595/3024 2592/3020 2591/3019 2067/2372
f 2595/3024 2067/2372 2066/2371 2072/2377
f 2594/3023 551/631 547/627 546/626
f 2591/3133 2588/3014 2587/3013 2062/3134
f 2591/3019 2062/2365 2061/2364 2067/2372
f 2590/3022 546/626 542/621 541/3135
f 2587/3013 2584/3010 2583/3009 2057/2357
f 2587/3013 2057/2357 2056/2356 2062/3134
f 2586/3012 541/618 537/614 536/613
f 2583/3009 2580/3006 2579/3005 2052/2350
f 2583/3009 2052/2350 2051/2349 2057/2357
f 2582/3008 536/613 532/609 531/608
f 2579/3005 2576/3002 2575/3001 2047/2343
f 2579/3005 2047/2343 2046/2342 2052/2350
f 2578/3004 531/608 527/604 526/603
f 2575/3001 2572/2998 2571/2997 2042/2335
f 2575/3001 2042/2335 2041/2334 2047/2343
f 2574/3000 526/603 522/599 521/598
f 2571/2997 2568/2994 2567/2993 2037/2330
f 2571/2997 2037/2330 2036/2329 2042/2335
f 2570/2996 521/598 517/594 516/593
f 2567/3136 2564/2986 2563/2985 2032/2322
f 2567/2993 2032/3137 2031/2328 2037/2330
f 2566/2989 516/593 512/588 511/2990
f 2563/2985 2560/2982 2559/2981 2027/2317
f 2563/2985 2027/2317 2026/2316 2032/2322
f 2562/2984 511/585 507/581 506/580
f 2559/2981 2556/2978 2555/2977 2022/2312
f 2559/2981 2022/2312 2021/2311 2027/2317
f 2558/2980 506/580 502/576 501/575
f 2555/2977 2552/2974 2551/2973 2017/2307
f 2555/2977 2017/2307 2016/2306 2022/2312
f 2554/2976 501/575 497/570 496/569
f 2551/2973 2548/2970 2547/2969 2012/2302
f 2551/2973 2012/2302 2011/2301 2017/2307
f 2550/2972 496/569 492/563 491/562
f 2547/2969 2544/2964 2543/2963 2007/2297
f 2547/2969 2007/2297 2006/2296 2012/2302
f 2546/2967 491/562 487/561 486/2968
f 2543/2963 2540/2962 2539/3138 2002/2292
f 2543/2963 2002/2292 2001/2291 2007/2297
f 2542/2960 486/555 482/551 481/550
f 2539/2957 2536/2954 2535/2953 1997/3139
f 2539/3138 1997/2285 1996/2284 2002/2292
f 2538/2956 481/550 477/546 476/545
f 2535/2953 2532/2950 2531/2949 1992/2279
f 2535/2953 1992/2279 1991/2278 1997/3139
f 2534/2952 476/545 472/540 471/539
f 2531/2949 2528/2944 2527/2943 1987/2274
f 2531/2949 1987/2274 1986/2273 1992/2279
f 2530/2947 471/539 467/538 466/2948
f 2527/2943 2524/2938 2523/2937 1982/2269
f 2527/2943 1982/2269 1981/2268 1987/2274
f 2526/2942 466/532 462/528 461/527
f 2523/2937 2520/2936 2519/3140 1977/2264
f 2523/2937 1977/2264 1976/2263 1982/2269
f 2522/2934 461/527 457/523 456/522
f 2519/3141 2516/2927 2515/2926 1972/3142
f 2519/3140 1972/2257 1971/2256 1977/2264
f 2518/2930 456/522 452/518 451/517
f 2515/2926 2512/2919 2511/2918 1967/2251
f 2515/2926 1967/2251 1966/2250 1972/3142
f 2514/2923 451/517 447/516 446/2924
f 2511/2918 2508/2913 2507/2912 1962/2246
f 2511/2918 1962/2246 1961/2245 1967/2251
f 2510/2916 446/509 442/505 441/504
f 2507/2912 2504/2907 2503/2906 1957/2241
f 2507/2912 1957/2241 1956/2240 1962/2246
f 2506/2911 441/504 437/500 436/499
f 2503/2906 2500/2901 2499/2900 1952/2236
f 2503/2906 1952/2236 1951/2235 1957/2241
f 2502/2904 436/499 432/495 431/494
f 2499/2900 2496/2895 2495/2894 1947/2231
f 2499/2900 1947/2231 1946/2230 1952/2236
f 2498/2899 431/494 427/490 426/489
f 2495/2894 2492/2887 2491/2886 1942/2226
f 2495/2894 1942/2226 1941/2225 1947/2231
f 2494/2892 426/489 422/485 421/484
f 2491/2886 2488/2885 2487/3143 1937/2219
f 2491/2886 1937/2219 1936/2218 1942/2226
f 2490/2883 421/3144 417/477 416/476
f 2487/2880 2484/2877 2483/2876 1932/3145
f 2487/3146 1932/2213 1931/2212 1937/3147
f 2486/2879 416/476 412/472 411/471
f 2483/2876 2480/2873 2479/2872 1927/3148
f 2483/3149 1927/2208 1926/2207 1932/2213
f 2482/2875 411/471 407/467 406/466
f 2479/2872 2476/2869 2475/2868 1922/3150
f 2479/2872 1922/3150 1921/3151 1927/3148
f 2478/2871 406/466 402/462 401/461
f 2475/2868 2472/2865 2471/2864 1917/3152
f 2475/3153 1917/2198 1916/2197 1922/2203
f 2474/2867 401/461 397/457 396/456
f 2471/2864 2468/2861 2467/2860 1912/3154
f 2471/2864 1912/3154 1911/3155 1917/3152
f 2470/2863 396/456 392/452 391/451
f 2467/2860 2464/2857 2463/2856 1907/2184
f 2467/2860 1907/2184 1906/2183 1912/3154
f 2466/2859 391/451 387/446 386/445
f 2463/2856 2460/2855 2459/3156 1902/3157
f 2463/2856 1902/3157 1901/2185 1907/2184
f 2462/2852 386/445 382/444 381/2853
f 2459/2848 2456/2845 2455/2844 1897/3158
f 2459/3159 1897/2173 1896/2172 1902/2178
f 2458/2847 381/438 377/434 376/433
f 2455/2844 2452/2841 2451/2840 1892/3160
f 2455/2844 1892/3160 1891/3161 1897/3158
f 2454/2843 376/433 372/429 371/428
f 2451/2840 2448/2837 2447/2836 1887/2160
f 2451/2840 1887/2160 1886/2159 1892/3160
f 2450/2839 371/428 367/424 366/423
f 2447/2836 2444/2833 2443/2832 1882/2155
f 2447/2836 1882/2155 1881/2154 1887/2160
f 2446/2835 366/423 362/419 361/418
f 2443/2832 2440/2827 2439/2826 1877/2150
f 2443/2832 1877/2150 1876/2149 1882/2155
f 2442/2830 361/418 357/417 356/2831
f 2439/2826 2436/2825 2435/3162 1872/2145
f 2439/2826 1872/2145 1871/2144 1877/2150
f 2438/2823 356/410 352/406 351/405
f 2435/2820 2432/2817 2431/2816 1867/3163
f 2435/3162 1867/2140 1866/2139 1872/2145
f 2434/2819 351/405 347/401 346/400
f 2431/2816 2428/2813 2427/2812 1862/2132
f 2431/2816 1862/2132 1861/2131 1867/3163
f 2430/2815 346/400 342/396 341/395
f 2427/2812 2424/2809 2423/2808 1857/2127
f 2427/2812 1857/2127 1856/2126 1862/2132
f 2426/2811 341/395 337/391 336/390
f 2423/2808 2420/2805 2419/2804 1852/2122
f 2423/2808 1852/2122 1851/2121 1857/2127
f 2422/2807 336/390 332/386 331/385
f 2419/2804 2416/2801 2415/2800 1847/2117
f 2419/2804 1847/2117 1846/2116 1852/2122
f 2418/2803 331/385 327/381 326/380
f 2415/2800 2412/2796 2411/3164 1842/2112
f 2415/2800 1842/2112 1841/2111 1847/2117
f 2414/2799 326/380 322/375 321/374
f 2411/2793 2408/2790 2407/2789 1837/2104
f 2411/2793 1837/2104 1836/2103 1842/3165
f 2410/2792 321/3166 317/367 316/366
f 2407/2789 2404/2786 2403/2785 1832/2099
f 2407/2789 1832/2099 1831/2098 1837/2104
f 2406/2788 316/366 312/360 311/359
f 2403/2785 2400/2782 2399/2781 1827/2094
f 2403/2785 1827/2094 1826/2093 1832/2099
f 2402/2784 311/359 307/353 306/352
f 2399/2781 2396/2778 2395/2777 1822/2089
f 2399/2781 1822/2089 1821/2088 1827/2094
f 2398/2780 306/352 302/346 301/345
f 2395/2777 2392/2773 2391/2772 1817/2084
f 2395/2777 1817/2084 1816/2083 1822/2089
f 2394/2775 301/345 297/344 296/2776
f 2391/2772 2388/2771 2387/3167 1812/2077
f 2391/2772 1812/2077 1811/2076 1817/2084
f 2390/2768 296/2776 292/3168 291/2769
f 2387/2764 2384/2760 2383/2759 1807/2071
f 2387/3167 1807/3169 1806/2078 1812/2077
f 2386/3170 291/333 287/329 286/328
f 2383/2759 2380/2756 2379/2755 1802/2066
f 2383/2759 1802/2066 1801/2065 1807/2071
f 2382/2758 286/2763 282/321 281/320
f 2379/2755 2376/2750 2375/2749 1797/2061
f 2379/2755 1797/2061 1796/2060 1802/2066
f 2378/2753 281/320 277/319 276/2754
f 2375/2749 2372/2744 2371/2743 1792/2056
f 2375/2749 1792/2056 1791/2055 1797/2061
f 2374/2748 276/313 272/309 271/308
f 2371/2743 2368/2742 2367/3171 1787/2051
f 2371/2743 1787/2051 1786/2050 1792/2056
f 2370/2740 271/308 267/304 266/303
f 2367/2737 2364/2734 2363/2733 1782/3172
f 2367/3171 1782/2046 1781/2045 1787/2051
f 2366/2736 266/303 262/299 261/298
f 2363/2733 2360/2730 2359/2729 1777/2038
f 2363/2733 1777/2038 1776/2037 1782/3172
f 2362/2732 261/298 257/293 256/292
f 2359/2729 2356/2724 2355/2723 1772/2033
f 2359/2729 1772/2033 1771/2032 1777/2038
f 2358/2727 256/292 252/291 251/2728
f 2355/2723 2352/2722 2351/3173 1767/2028
f 2355/2723 1767/2028 1766/2027 1772/2033
f 2354/2720 251/285 247/281 246/280
f 2351/2717 2348/2714 2347/2713 1762/3174
f 2351/3173 1762/2023 1761/2022 1767/2028
f 2350/2716 246/280 242/276 241/275
f 2347/2713 2344/2710 2343/2709 1757/3175
f 2347/2713 1757/3175 1756/3176 1762/3174
f 2346/2712 241/275 237/271 236/270
f 2343/2709 2340/2706 2339/2705 1752/2009
f 2343/2709 1752/2009 1751/2008 1757/3175
f 2342/2708 236/270 232/266 231/265
f 2339/2705 2336/2704 2335/3177 1747/3178
f 2339/2705 1747/3178 1746/2010 1752/2009
f 2338/2701 231/265 227/261 226/2702
f 2335/2697 2332/2694 2331/2693 1742/3179
f 2335/3180 1742/1998 1741/1997 1747/2003
f 2334/2696 226/259 222/253 221/252
f 2331/2693 2328/2690 2327/2689 1737/3181
f 2331/2693 1737/3181 1736/3182 1742/3179
f 2330/2692 221/252 217/248 216/247
f 2327/2689 2324/2686 2323/2685 1732/3183
f 2327/2689 1732/3183 1731/3184 1737/3181
f 2326/2688 216/247 212/243 211/242
f 2323/2685 2320/2682 2319/2681 1727/3185
f 2323/2685 1727/3185 1726/3186 1732/3183
f 2322/2684 211/242 207/238 206/237
f 2319/2681 2316/2678 2315/2677 1722/3187
f 2319/2681 1722/3187 1721/3188 1727/3185
f 2318/2680 206/237 202/233 201/232
f 2315/3189 2312/2671 2311/2670 1717/3190
f 2315/2677 1717/1971 1716/1970 1722/3187
f 2314/2674 201/232 197/228 196/227
f 2311/2670 2308/2667 2307/2666 1712/1962
f 2311/2670 1712/1962 1711/1961 1717/3190
f 2310/2669 196/3191 192/220 191/219
f 2307/2666 2304/2663 2303/2662 1707/1954
f 2307/2666 1707/1954 1706/1953 1712/1962
f 2306/2665 191/219 187/215 186/214
f 2303/2662 2300/2659 2299/2658 1702/1949
f 2303/2662 1702/1949 1701/1948 1707/1954
f 2302/2661 186/214 182/210 181/209
f 2299/2658 2296/2655 2295/2654 1697/1944
f 2299/2658 1697/1944 1696/1943 1702/1949
f 2298/2657 181/209 177/205 176/204
f 2295/2654 2292/2651 2291/2650 1692/1939
f 2295/2654 1692/1939 1691/1938 1697/1944
f 2294/2653 176/204 172/199 171/198
f 2291/2650 2288/2645 2287/2644 1687/1934
f 2291/2650 1687/1934 1686/1933 1692/1939
f 2290/2648 171/198 167/197 166/2649
f 2287/2644 2284/2643 2283/3192 1682/1929
f 2287/2644 1682/1929 1681/1928 1687/1934
f 2286/2641 166/191 162/187 161/186
f 2283/2638 2280/2635 2279/2634 1677/1921
f 2283/3192 1677/3193 1676/1927 1682/1929
f 2282/2637 161/186 157/182 156/181
f 2279/2634 2276/2631 2275/2630 1672/1913
f 2279/2634 1672/1913 1671/1912 1677/1921
f 2278/2633 156/181 152/177 151/176
f 2275/2630 2272/2627 2271/2626 1667/1908
f 2275/2630 1667/1908 1666/1907 1672/1913
f 2274/2629 151/176 147/171 146/170
f 2271/2626 2268/2621 2267/2620 1662/1903
f 2271/2626 1662/1903 1661/1902 1667/1908
f 2270/2624 146/170 142/169 141/2625
f 2267/2620 2264/2619 2263/3194 1657/1898
f 2267/2620 1657/1898 1656/1897 1662/1903
f 2266/2616 141/163 137/159 136/158
f 2263/2612 2260/2608 2259/2607 1652/3195
f 2263/3194 1652/1893 1651/1892 1657/1898
f 2262/2617 136/158 132/153 131/152
f 2259/2607 2256/2604 2255/2603 1647/1885
f 2259/2607 1647/1885 1646/1884 1652/3195
f 2258/2606 131/2611 127/145 126/144
f 2255/2603 2252/2600 2251/2599 1642/1880
f 2255/2603 1642/1880 1641/1879 1647/1885
f 2254/2602 126/144 122/138 121/137
f 2251/2599 2248/2596 2247/2595 1637/1875
f 2251/2599 1637/1875 1636/1874 1642/1880
f 2250/2598 121/137 117/131 116/130
f 2247/2595 2244/2591 2243/2590 1632/1870
f 2247/2595 1632/1870 1631/1869 1637/1875
f 2246/2593 116/130 112/129 111/2594
f 2243/2590 2240/2586 2239/2585 1627/1865
f 2243/2590 1627/1865 1626/1864 1632/1870
f 2242/2588 111/2594 107/3196 106/2589
f 2239/2585 2236/2580 2235/2579 1622/1858
f 2239/2585 1622/1858 1621/1857 1627/1865
f 2238/2583 106/2589 102/3197 101/2584
f 2235/3198 2232/2572 2231/2571 1617/1852
f 2235/2579 1617/3199 1616/1859 1622/1858
f 2234/2575 101/110 97/106 96/105
f 2231/2571 2228/2566 2227/2565 1612/1847
f 2231/2571 1612/1847 1611/1846 1617/1852
f 2230/2576 96/105 92/101 91/100
f 2227/2565 2224/2560 2223/2559 1607/1842
f 2227/2565 1607/1842 1606/1841 1612/1847
f 2226/2563 91/100 87/96 86/95
f 2223/2559 2220/2554 2219/2553 1602/1837
f 2223/2559 1602/1837 1601/1836 1607/1842
f 2222/2558 86/95 82/91 81/90
f 2219/2553 2216/2548 2215/2547 1597/1832
f 2219/2553 1597/1832 1596/1831 1602/1837
f 2218/2551 81/90 77/86 76/85
f 2215/2547 2212/2546 2211/3200 1592/1827
f 2215/2547 1592/1827 1591/1826 1597/1832
f 2214/2544 76/85 72/81 71/80
f 2211/3201 2208/2537 2207/2536 1587/1819
f 2211/3200 1587/3202 1586/1825 1592/1827
f 2210/2540 71/80 67/75 66/74
f 2207/2536 2204/2529 2203/2528 1582/1814
f 2207/2536 1582/1814 1581/1813 1587/1819
f 2206/2533 66/74 62/73 61/2534
f 2203/2528 2200/2527 2199/3203 1577/1809
f 2203/2528 1577/1809 1576/1808 1582/1814
f 2202/2525 61/67 57/63 56/62
f 2199/2522 2196/2519 2195/2518 1572/3204
f 2199/3203 1572/1804 1571/1803 1577/1809
f 2198/2521 56/62 52/58 51/57
f 2195/2518 2192/2515 2191/2514 1567/3205
f 2195/2518 1567/3205 1566/3206 1572/3204
f 2194/2517 51/57 47/53 46/52
f 2191/2514 2188/2511 2187/2510 1562/1791
f 2191/2514 1562/1791 1561/1790 1567/3205
f 2190/2513 46/52 42/47 41/46
f 2187/2510 2184/2505 2183/2504 1557/1786
f 2187/2510 1557/1786 1556/1785 1562/1791
f 2186/2508 41/46 37/45 36/2509
f 2183/2504 2180/2503 2179/3207 1552/1781
f 2183/2504 1552/1781 1551/1780 1557/1786
f 2182/2501 36/39 32/35 31/34
f 2179/2498 2176/2495 2175/2494 1547/3208
f 2179/3207 1547/1776 1546/1775 1552/1781
f 2178/2497 31/34 27/30 26/29
f 2175/2494 2172/2491 2171/2490 1542/1768
f 2175/2494 1542/1768 1541/1767 1547/3208
f 2174/2493 26/29 22/25 21/24
f 2171/2490 2168/2487 2167/2486 1537/1763
f 2171/2490 1537/1763 1536/1762 1542/1768
f 2170/2489 21/24 17/20 16/19
f 2167/2486 2164/2483 2163/2482 1532/1758
f 2167/2486 1532/1758 1531/1757 1537/1763
f 2166/2485 16/19 13/16 12/15
f 2163/2482 2159/2477 2158/3209 1527/1753
f 2163/2482 1527/1753 1526/1752 1532/1758
f 2162/2481 2161/2480 12/15 11/14
f 2158/2474 2154/2470 2153/2469 1522/1745
f 2158/3209 1522/3210 1521/1751 1527/1753
f 2153/2469 2149/2465 2148/2464 1517/1740
f 2153/2469 1517/1740 1516/1739 1522/1745
f 2148/2464 2144/2460 2143/2459 1512/1735
f 2148/2464 1512/1735 1511/1734 1517/1740
f 2143/2459 2139/2455 2138/2454 1507/1730
f 2143/2459 1507/1730 1506/1729 1512/1735
f 2138/2454 2134/2450 2133/2449 1502/1725
f 2138/2454 1502/1725 1501/1724 1507/1730
f 2133/2449 2129/2444 2128/3211 1497/1718
f 2133/2449 1497/1718 1496/1717 1502/1725
f 2128/2441 2124/2437 2123/2436 1492/1712
f 2128/3211 1492/3212 1491/1719 1497/1718
f 2123/2436 2119/2432 2118/2431 1487/1707
f 2123/2436 1487/1707 1486/1706 1492/1712
f 2118/2431 2114/2427 2113/2426 1482/1702
f 2118/2431 1482/1702 1481/1701 1487/1707
f 2113/2426 2109/2422 2108/2421 1477/1697
f 2113/2426 1477/1697 1476/1696 1482/1702
f 2108/2421 2104/2416 2103/2415 1472/1692
f 2108/2421 1472/1692 1471/1691 1477/1697
f 2103/2415 2099/2414 2098/3213 1467/1687
f 2103/2415 1467/1687 1466/1686 1472/1692
f 2098/2408 2094/2404 2093/2403 1462/3214
f 2098/3213 1462/1682 1461/1681 1467/1687
f 2093/2403 2089/2399 2088/2398 1457/1674
f 2093/2403 1457/1674 1456/1673 1462/3214
f 2088/2398 2084/2394 2083/2393 1452/1669
f 2088/2398 1452/1669 1451/1668 1457/1674
f 2083/2393 2079/2388 2078/2387 1447/1664
f 2083/2393 1447/1664 1446/1663 1452/1669
f 2078/2387 2074/2381 2073/2380 1442/1659
f 2078/2387 1442/1659 1441/1658 1447/1664
f 2073/2380 2069/2379 2068/3215 1437/1654
f 2073/2380 1437/1654 1436/1653 1442/1659
f 2068/2373 2064/2369 2063/3216 1432/3217
f 2068/3215 1432/1647 1431/1646 1437/1654
f 2063/2367 2059/2360 2058/2359 1427/1641
f 2063/2367 1427/1641 1426/1640 1432/3218
f 2058/2359 2054/2353 2053/2352 1422/1636
f 2058/2359 1422/1636 1421/1635 1427/1641
f 2053/2352 2049/2346 2048/2345 1417/1631
f 2053/2352 1417/1631 1416/1630 1422/1636
f 2048/2345 2044/2339 2043/2338 1412/1626
f 2048/2345 1412/1626 1411/1625 1417/1631
f 2043/2338 2039/2337 2038/3219 1407/1621
f 2043/2338 1407/1621 1406/1620 1412/1626
f 2038/3219 2034/3220 2033/3221 1402/1616
f 2038/3219 1402/1616 1401/1615 1407/1621
f 2033/3222 2029/2319 2028/2318 1397/3223
f 2033/3221 1397/1611 1396/1610 1402/1616
f 2028/2318 2024/2314 2023/2313 1392/3224
f 2028/2318 1392/3224 1391/3225 1397/3223
f 2023/2313 2019/2309 2018/2308 1387/3226
f 2023/2313 1387/3226 1386/3227 1392/3224
f 2018/2308 2014/2304 2013/2303 1382/3228
f 2018/2308 1382/3228 1381/3229 1387/3226
f 2013/2303 2009/2299 2008/2298 1377/3230
f 2013/2303 1377/3230 1376/3231 1382/3228
f 2008/2298 2004/2294 2003/2293 1372/1582
f 2008/2298 1372/1582 1371/1581 1377/3230
f 2003/2293 1999/2289 1998/2288 1367/1572
f 2003/2293 1367/1572 1366/1571 1372/1582
f 1998/2288 1994/2287 1993/3232 1362/3233
f 1998/2288 1362/3233 1361/1573 1367/1572
f 1993/2280 1989/2276 1988/2275 1357/3234
f 1993/3232 1357/3235 1356/3236 1362/3233
f 1988/2275 1984/2271 1983/2270 1352/1553
f 1988/2275 1352/1553 1351/1552 1357/3234
f 1983/2270 1979/2266 1978/2265 1347/1548
f 1983/2270 1347/1548 1346/1547 1352/1553
f 1978/2265 1974/2261 1973/2260 1342/1543
f 1978/2265 1342/1543 1341/1542 1347/1548
f 1973/2260 1969/2259 1968/3237 1337/1538
f 1973/2260 1337/1538 1336/1537 1342/1543
f 1968/2252 1964/2248 1963/2247 1332/3238
f 1968/3237 1332/1533 1331/1532 1337/1538
f 1963/2247 1959/2243 1958/2242 1327/1525
f 1963/2247 1327/1525 1326/1524 1332/3238
f 1958/2242 1954/2238 1953/2237 1322/1520
f 1958/2242 1322/1520 1321/1519 1327/1525
f 1953/2237 1949/2233 1948/2232 1317/1515
f 1953/2237 1317/1515 1316/1514 1322/1520
f 1948/2232 1944/2228 1943/2227 1312/1510
f 1948/2232 1312/1510 1311/1509 1317/1515
f 1943/2227 1939/2223 1938/2222 1307/1505
f 1943/2227 1307/1505 1306/1504 1312/1510
f 1938/2222 1934/2221 1933/3239 1302/3240
f 1938/2222 1302/3240 1301/1503 1307/1505
f 1933/2214 1929/2210 1928/2209 1297/1492
f 1933/2214 1297/1492 1296/1491 1302/1497
f 1928/2209 1924/2205 1923/2204 1292/1487
f 1928/2209 1292/1487 1291/1486 1297/1492
f 1923/2204 1919/2200 1918/2199 1287/1482
f 1923/2204 1287/1482 1286/1481 1292/1487
f 1918/2199 1914/2195 1913/2194 1282/1477
f 1918/2199 1282/1477 1281/1476 1287/1482
f 1913/2194 1909/2189 1908/2188 1277/1472
f 1913/2194 1277/1472 1276/1471 1282/1477
f 1908/2188 1904/2187 1903/3241 1272/1465
f 1908/2188 1272/1465 1271/1464 1277/1472
f 1903/2179 1899/2175 1898/2174 1267/1459
f 1903/2179 1267/1459 1266/1458 1272/3242
f 1898/2174 1894/2170 1893/2169 1262/1454
f 1898/2174 1262/1454 1261/1453 1267/1459
f 1893/2169 1889/2164 1888/2163 1257/1449
f 1893/2169 1257/1449 1256/1448 1262/1454
f 1888/2163 1884/2162 1883/3243 1252/1444
f 1888/2163 1252/1444 1251/1443 1257/1449
f 1883/2156 1879/2152 1878/2151 1247/3244
f 1883/3243 1247/1439 1246/1438 1252/1444
f 1878/2151 1874/2147 1873/2146 1242/1431
f 1878/2151 1242/1431 1241/1430 1247/3244
f 1873/2146 1869/2142 1868/2141 1237/1426
f 1873/2146 1237/1426 1236/1425 1242/1431
f 1868/2141 1864/2136 1863/2135 1232/1421
f 1868/2141 1232/1421 1231/1420 1237/1426
f 1863/2135 1859/2134 1858/3245 1227/1416
f 1863/2135 1227/1416 1226/1415 1232/1421
f 1858/2128 1854/2124 1853/2123 1222/3246
f 1858/3245 1222/1411 1221/1410 1227/1416
f 1853/2123 1849/2119 1848/2118 1217/1403
f 1853/2123 1217/1403 1216/1402 1222/3246
f 1848/2118 1844/2114 1843/2113 1212/1398
f 1848/2118 1212/1398 1211/1397 1217/1403
f 1843/2113 1839/2108 1838/3247 1207/1391
f 1843/2113 1207/1391 1206/1390 1212/1398
f 1838/2105 1834/2101 1833/2100 1202/1383
f 1838/3247 1202/3248 1201/1392 1207/1391
f 1833/2100 1829/2096 1828/2095 1197/3249
f 1833/2100 1197/3249 1196/1384 1202/1383
f 1828/2095 1824/2091 1823/2090 1192/1370
f 1828/2095 1192/1370 1191/1369 1197/3249
f 1823/2090 1819/2086 1818/2085 1187/1364
f 1823/2090 1187/1364 1186/1363 1192/1370
f 1818/2085 1814/2081 1813/2080 1182/1356
f 1818/2085 1182/1356 1181/1355 1187/1364
f 1813/2080 1809/2079 1808/3250 1177/3251
f 1813/2080 1177/3251 1176/1357 1182/1356
f 1808/2072 1804/2068 1803/2067 1172/1342
f 1808/2072 1172/1342 1171/1341 1177/1347
f 1803/2067 1799/2063 1798/2062 1167/1337
f 1803/2067 1167/1337 1166/1336 1172/1342
f 1798/2062 1794/2058 1793/2057 1162/1332
f 1798/2062 1162/1332 1161/1331 1167/1337
f 1793/2057 1789/2053 1788/2052 1157/1327
f 1793/2057 1157/1327 1156/1326 1162/1332
f 1788/2052 1784/2048 1783/2047 1152/1322
f 1788/2052 1152/1322 1151/1321 1157/1327
f 1783/2047 1779/2042 1778/3252 1147/1317
f 1783/2047 1147/1317 1146/1316 1152/1322
f 1778/2039 1774/2035 1773/2034 1142/3253
f 1778/3252 1142/1312 1141/1311 1147/1317
f 1773/2034 1769/2030 1768/2029 1137/1304
f 1773/2034 1137/1304 1136/1303 1142/3253
f 1768/2029 1764/2025 1763/2024 1132/1299
f 1768/2029 1132/1299 1131/1298 1137/1304
f 1763/2024 1759/2020 1758/2019 1127/1294
f 1763/2024 1127/1294 1126/1293 1132/1299
f 1758/2019 1754/2014 1753/2013 1122/1289
f 1758/2019 1122/1289 1121/1288 1127/1294
f 1753/2013 1749/2012 1748/3254 1117/1284
f 1753/2013 1117/1284 1116/1283 1122/1289
f 1748/2004 1744/2000 1743/1999 1112/1276
f 1748/2004 1112/1276 1111/1275 1117/3255
f 1743/1999 1739/1995 1738/1994 1107/1271
f 1743/1999 1107/1271 1106/1270 1112/1276
f 1738/1994 1734/1990 1733/1989 1102/1266
f 1738/1994 1102/1266 1101/1265 1107/1271
f 1733/1989 1729/1985 1728/1984 1097/1261
f 1733/1989 1097/1261 1096/1260 1102/1266
f 1728/1984 1724/1980 1723/1979 1092/1256
f 1728/1984 1092/1256 1091/1255 1097/1261
f 1723/1979 1719/1974 1718/1973 1087/1251
f 1723/1979 1087/1251 1086/1250 1092/1256
f 1718/1973 1714/1966 1713/1965 1082/1246
f 1718/1973 1082/1246 1081/1245 1087/1251
f 1713/3256 1709/1958 1708/1957 1077/1238
f 1713/3256 1077/1238 1076/1237 1082/3257
f 1708/1957 1704/1956 1703/3258 1072/1233
f 1708/1957 1072/1233 1071/1232 1077/1238
f 1703/3258 1699/3259 1698/3260 1067/1228
f 1703/3258 1067/1228 1066/1227 1072/1233
f 1698/3260 1694/3261 1693/3262 1062/1223
f 1698/3260 1062/1223 1061/1222 1067/1228
f 1693/1940 1689/1936 1688/1935 1057/3263
f 1693/3262 1057/1218 1056/1217 1062/1223
f 1688/1935 1684/1931 1683/1930 1052/3264
f 1688/3265 1052/1213 1051/1212 1057/1218
f 1683/1930 1679/1925 1678/1924 1047/3266
f 1683/1930 1047/3266 1046/3267 1052/3264
f 1678/3268 1674/1917 1673/1916 1042/1200
f 1678/3268 1042/1200 1041/1199 1047/1205
f 1673/3269 1669/1910 1668/1909 1037/3270
f 1673/1916 1037/1195 1036/1194 1042/1200
f 1668/1909 1664/1905 1663/1904 1032/3271
f 1668/3272 1032/1190 1031/1189 1037/1195
f 1663/1904 1659/1900 1658/1899 1027/1182
f 1663/1904 1027/1182 1026/1181 1032/3271
f 1658/1899 1654/1895 1653/1894 1022/1177
f 1658/1899 1022/1177 1021/1176 1027/1182
f 1653/1894 1649/1889 1648/1888 1017/1172
f 1653/1894 1017/1172 1016/1171 1022/1177
f 1648/1888 1644/1887 1643/3273 1012/1167
f 1648/1888 1012/1167 1011/1166 1017/1172
f 1643/1881 1639/1877 1638/1876 1007/3274
f 1643/3273 1007/1162 1006/1161 1012/1167
f 1638/1876 1634/1872 1633/1871 1002/1154
f 1638/1876 1002/1154 1001/1153 1007/3274
f 1633/1871 1629/1867 1628/1866 997/1149
f 1633/1871 997/1149 996/1148 1002/1154
f 1628/1866 1624/1862 1623/1861 992/1144
f 1628/1866 992/1144 991/1143 997/1149
f 1623/1861 1619/1860 1618/3275 987/1137
f 1623/1861 987/1137 986/1136 992/1144
f 1618/1853 1614/1849 1613/1848 982/1131
f 1618/3275 982/3276 981/1138 987/1137
f 1613/1848 1609/1844 1608/1843 977/1126
f 1613/1848 977/1126 976/1125 982/1131
f 1608/1843 1604/1839 1603/1838 972/1121
f 1608/1843 972/1121 971/1120 977/1126
f 1603/1838 1599/1834 1598/1833 967/1116
f 1603/1838 967/1116 966/1115 972/1121
f 1598/1833 1594/1829 1593/1828 962/1111
f 1598/1833 962/1111 961/1110 967/1116
f 1593/1828 1589/1823 1588/1822 957/1106
f 1593/1828 957/1106 956/1105 962/1111
f 1588/3277 1584/1816 1583/1815 952/1098
f 1588/1822 952/3278 951/1104 957/1106
f 1583/1815 1579/1811 1578/1810 947/1093
f 1583/1815 947/1093 946/1092 952/1098
f 1578/1810 1574/1806 1573/1805 942/1088
f 1578/1810 942/1088 941/1087 947/1093
f 1573/1805 1569/1801 1568/1800 937/1083
f 1573/1805 937/1083 936/1082 942/1088
f 1568/1800 1564/1795 1563/1794 932/1078
f 1568/1800 932/1078 931/1077 937/1083
f 1563/1794 1559/1793 1558/3279 927/1073
f 1563/1794 927/1073 926/1072 932/1078
f 1558/1787 1554/1783 1553/1782 922/3280
f 1558/3279 922/1066 921/1065 927/1073
f 1553/1782 1549/1778 1548/1777 917/1060
f 1553/1782 917/1060 916/1059 922/3280
f 1548/1777 1544/1772 1543/1771 912/1055
f 1548/1777 912/1055 911/1054 917/1060
f 1543/1771 1539/1770 1538/3281 907/1050
f 1543/1771 907/1050 906/1049 912/1055
f 1538/1764 1534/1760 1533/1759 902/3282
f 1538/3281 902/1045 901/1044 907/1050
f 1533/1759 1529/1755 1528/1754 897/3283
f 1533/1759 897/3283 896/3284 902/3282
f 1528/1754 1524/1749 1523/1748 892/3285
f 1528/1754 892/3285 891/3286 897/3283
f 1523/3287 1519/3288 1518/3289 887/1027
f 1523/3287 887/1027 886/1026 892/1032
f 1518/1741 1514/1737 1513/1736 882/3290
f 1518/3289 882/1022 881/1021 887/1027
f 1513/3291 1509/3292 1508/3293 877/1017
f 1513/3291 877/1017 876/1016 882/1022
f 1508/1731 1504/1727 1503/1726 872/3294
f 1508/3293 872/1012 871/1011 877/1017
f 1503/3295 1499/3296 1498/3297 867/1007
f 1503/3295 867/1007 866/1006 872/1012
f 1498/1721 1494/1720 1493/3298 862/3299
f 1498/3297 862/1002 861/1001 867/1007
f 1493/1713 1489/1709 1488/1708 857/3300
f 1493/3301 857/997 856/996 862/1002
f 1488/1708 1484/1704 1483/1703 852/989
f 1488/1708 852/989 851/988 857/3300
f 1483/1703 1479/1699 1478/1698 847/981
f 1483/1703 847/981 846/980 852/989
f 1478/1698 1474/1694 1473/1693 842/975
f 1478/1698 842/975 841/974 847/981
f 1473/1693 1469/1689 1468/1688 837/967
f 1473/1693 837/967 836/966 842/975
f 1468/1688 1464/1684 1463/1683 832/959
f 1468/1688 832/959 831/958 837/967
f 1463/1683 1459/1678 1458/1677 827/954
f 1463/1683 827/954 826/953 832/959
f 1458/3302 1454/1671 1453/1670 822/3303
f 1458/1677 822/947 821/946 827/954
f 1453/1670 1449/1666 1448/1665 817/940
f 1453/1670 817/940 816/939 822/3303
f 1448/1665 1444/1661 1443/1660 812/931
f 1448/1665 812/931 811/930 817/940
f 1443/1660 1439/1656 1438/1655 807/926
f 1443/1660 807/926 806/925 812/931
f 1438/1655 1434/1651 1433/1650 802/921
f 1438/1655 802/921 801/920 807/926
f 1433/1650 1429/1649 1428/3304 797/916
f 1433/1650 797/916 796/915 802/921
f 1428/1642 1424/1638 1423/1637 792/3305
f 1428/3304 792/911 791/910 797/916
f 1423/1637 1419/1633 1418/1632 787/903
f 1423/1637 787/903 786/902 792/3305
f 1418/1632 1414/1628 1413/1627 782/898
f 1418/1632 782/898 781/897 787/903
f 1413/1627 1409/1623 1408/1622 777/893
f 1413/1627 777/893 776/892 782/898
f 1408/1622 1404/1618 1403/1617 772/888
f 1408/1622 772/888 771/887 777/893
f 1403/1617 1399/1613 1398/1612 767/883
f 1403/1617 767/883 766/882 772/888
f 1398/1612 1394/1607 1393/3306 762/3307
f 1398/1612 762/3307 761/881 767/883
f 1393/1604 1389/1600 1388/1599 757/870
f 1393/1604 757/870 756/869 762/875
f 1388/1599 1384/1595 1383/1594 752/865
f 1388/1599 752/865 751/864 757/870
f 1383/1594 1379/1590 1378/1589 747/860
f 1383/1594 747/860 746/859 752/865
f 1378/1589 1374/1584 1373/1583 742/855
f 1378/1589 742/855 741/854 747/860
f 1373/1583 1369/1577 1368/1576 737/850
f 1373/1583 737/850 736/849 742/855
f 1368/3308 1364/1568 1363/1567 732/3309
f 1368/1576 732/845 731/844 737/850
f 1363/1567 1359/1563 1358/1562 727/837
f 1363/1567 727/837 726/836 732/3309
f 1358/1562 1354/1557 1353/1556 722/832
f 1358/1562 722/832 721/831 727/837
f 1353/1556 1349/1555 1348/3310 717/827
f 1353/1556 717/827 716/826 722/832
f 1348/1549 1344/1545 1343/1544 712/3311
f 1348/3310 712/822 711/821 717/827
f 1343/1544 1339/1540 1338/1539 707/3312
f 1343/1544 707/3312 706/3313 712/3311
f 1338/1539 1334/1535 1333/1534 702/809
f 1338/1539 702/809 701/808 707/3312
f 1333/1534 1329/1529 1328/1528 697/804
f 1333/1534 697/804 696/803 702/809
f 1328/1528 1324/1527 1323/3314 692/799
f 1328/1528 692/799 691/798 697/804
f 1323/1521 1319/1517 1318/1516 687/3315
f 1323/3314 687/794 686/793 692/799
f 1318/1516 1314/1512 1313/1511 682/787
f 1318/1516 682/787 681/786 687/3315
f 1313/1511 1309/1507 1308/1506 677/779
f 1313/1511 677/779 676/778 682/787
f 1308/1506 1304/1501 1303/1500 672/774
f 1308/1506 672/774 671/773 677/779
f 1303/3316 1299/1494 1298/1493 667/3317
f 1303/1500 667/767 666/766 672/774
f 1298/1493 1294/1489 1293/1488 662/759
f 1298/1493 662/759 661/758 667/3317
f 1293/1488 1289/1484 1288/1483 657/752
f 1293/1488 657/752 656/751 662/759
f 1288/1483 1284/1479 1283/1478 652/744
f 1288/1483 652/744 651/743 657/752
f 1283/1478 1279/1474 1278/1473 647/739
f 1283/1478 647/739 646/738 652/744
f 1278/1473 1274/1469 1273/1468 643/732
f 1278/1473 643/732 642/731 647/739
f 1273/3318 1269/1461 1268/1460 640/726
f 1273/1468 640/3319 639/730 643/732
f 1268/1460 1264/1456 1263/1455 635/721
f 1268/1460 635/721 634/720 640/726
f 1263/1455 1259/1451 1258/1450 630/716
f 1263/1455 630/716 629/715 635/721
f 1258/1450 1254/1446 1253/1445 625/711
f 1258/1450 625/711 624/710 630/716
f 1253/1445 1249/1441 1248/1440 620/706
f 1253/1445 620/706 619/705 625/711
f 1248/1440 1244/1435 1243/1434 615/701
f 1248/1440 615/701 614/700 620/706
f 1243/1434 1239/1433 1238/3320 610/696
f 1243/1434 610/696 609/695 615/701
f 1238/1427 1234/1423 1233/1422 605/3321
f 1238/3320 605/691 604/690 610/696
f 1233/1422 1229/1418 1228/1417 600/683
f 1233/1422 600/683 599/682 605/3321
f 1228/1417 1224/1413 1223/1412 595/678
f 1228/1417 595/678 594/677 600/683
f 1223/1412 1219/1407 1218/1406 590/673
f 1223/1412 590/673 589/672 595/678
f 1218/1406 1214/1405 1213/3322 585/668
f 1218/1406 585/668 584/667 590/673
f 1213/3323 1209/1394 1208/1393 580/3324
f 1213/3322 580/663 579/662 585/668
f 1208/1393 1204/1386 1203/1385 575/655
f 1208/1393 575/655 574/654 580/3324
f 1203/1385 1199/1379 1198/1378 570/650
f 1203/1385 570/650 569/649 575/655
f 1198/1378 1194/1373 1193/1372 565/645
f 1198/1378 565/645 564/644 570/650
f 1193/1372 1189/1366 1188/1365 560/640
f 1193/1372 560/640 559/639 565/645
f 1188/1365 1184/1359 1183/1358 555/635
f 1188/1365 555/635 554/634 560/640
f 1183/1358 1179/1351 1178/1350 550/630
f 1183/1358 550/630 549/629 555/635
f 1178/1350 1174/1349 1173/3325 545/625
f 1178/1350 545/625 544/624 550/630
f 1173/3326 1169/3327 1168/3328 540/617
f 1173/3325 540/3329 539/623 545/625
f 1168/3328 1164/3330 1163/3331 535/612
f 1168/3328 535/612 534/611 540/617
f 1163/1333 1159/1329 1158/1328 530/3332
f 1163/3331 530/607 529/606 535/612
f 1158/3333 1154/3334 1153/3335 525/602
f 1158/3333 525/602 524/601 530/607
f 1153/1323 1149/1319 1148/1318 520/3336
f 1153/3335 520/597 519/596 525/602
f 1148/1318 1144/1314 1143/1313 515/3337
f 1148/3338 515/592 514/591 520/597
f 1143/1313 1139/1308 1138/1307 510/3339
f 1143/1313 510/3339 509/3340 515/3337
f 1138/3341 1134/3342 1133/3343 505/579
f 1138/3341 505/579 504/578 510/584
f 1133/1300 1129/1296 1128/1295 500/3344
f 1133/3343 500/574 499/573 505/579
f 1128/1295 1124/1291 1123/1290 495/568
f 1128/1295 495/568 494/567 500/3344
f 1123/1290 1119/1286 1118/1285 490/559
f 1123/1290 490/559 489/558 495/568
f 1118/1285 1114/1280 1113/1279 485/554
f 1118/1285 485/554 484/553 490/559
f 1113/1279 1109/1278 1108/3345 480/549
f 1113/1279 480/549 479/548 485/554
f 1108/1272 1104/1268 1103/1267 475/3346
f 1108/3345 475/544 474/543 480/549
f 1103/1267 1099/1263 1098/1262 470/536
f 1103/1267 470/536 469/535 475/3346
f 1098/1262 1094/1258 1093/1257 465/531
f 1098/1262 465/531 464/530 470/536
f 1093/1257 1089/1253 1088/1252 460/526
f 1093/1257 460/526 459/525 465/531
f 1088/1252 1084/1248 1083/1247 455/521
f 1088/1252 455/521 454/520 460/526
f 1083/3347 1079/1240 1078/1239 450/3348
f 1083/1247 450/514 449/513 455/521
f 1078/1239 1074/1235 1073/1234 445/508
f 1078/1239 445/508 444/507 450/3348
f 1073/1234 1069/1230 1068/1229 440/503
f 1073/1234 440/503 439/502 445/508
f 1068/1229 1064/1225 1063/1224 435/498
f 1068/1229 435/498 434/497 440/503
f 1063/1224 1059/1220 1058/1219 430/493
f 1063/1224 430/493 429/492 435/498
f 1058/1219 1054/1215 1053/1214 425/488
f 1058/1219 425/488 424/487 430/493
f 1053/1214 1049/1209 1048/1208 420/483
f 1053/1214 420/483 419/482 425/488
f 1048/3349 1044/1202 1043/1201 415/475
f 1048/3349 415/475 414/474 420/3350
f 1043/1201 1039/1197 1038/1196 410/470
f 1043/1201 410/470 409/469 415/475
f 1038/1196 1034/1192 1033/1191 405/465
f 1038/1196 405/465 404/464 410/470
f 1033/1191 1029/1186 1028/1185 400/460
f 1033/1191 400/460 399/459 405/465
f 1028/1185 1024/1184 1023/3351 395/455
f 1028/1185 395/455 394/454 400/460
f 1023/1178 1019/1174 1018/1173 390/3352
f 1023/3351 390/450 389/449 395/455
f 1018/1173 1014/1169 1013/1168 385/442
f 1018/1173 385/442 384/441 390/3352
f 1013/1168 1009/1164 1008/1163 380/437
f 1013/1168 380/437 379/436 385/442
f 1008/1163 1004/1158 1003/1157 375/432
f 1008/1163 375/432 374/431 380/437
f 1003/1157 999/1156 998/3353 370/427
f 1003/1157 370/427 369/426 375/432
f 998/1150 994/1146 993/1145 365/3354
f 998/3353 365/422 364/421 370/427
f 993/1145 989/1141 988/1140 360/3355
f 993/1145 360/3355 359/3356 365/3354
f 988/1140 984/1139 983/3357 355/3358
f 988/1140 355/3358 354/3359 360/3355
f 983/1132 979/1128 978/1127 350/3360
f 983/3361 350/404 349/403 355/409
f 978/1127 974/1123 973/1122 345/3362
f 978/3363 345/399 344/398 350/404
f 973/1122 969/1118 968/1117 340/3364
f 973/3365 340/394 339/393 345/399
f 968/1117 964/1113 963/1112 335/3366
f 968/1117 335/3366 334/3367 340/3364
f 963/1112 959/1108 958/1107 330/3368
f 963/1112 330/3368 329/3369 335/3366
f 958/1107 954/1102 953/3370 325/3371
f 958/1107 325/3371 324/3372 330/3368
f 953/1099 949/1095 948/1094 320/371
f 953/1099 320/371 319/370 325/3373
f 948/1094 944/1090 943/1089 315/364
f 948/1094 315/364 314/363 320/371
f 943/1089 939/1085 938/1084 310/357
f 943/1089 310/357 309/356 315/364
f 938/1084 934/1080 933/1079 305/350
f 938/1084 305/350 304/349 310/357
f 933/1079 929/1075 928/1074 300/342
f 933/1079 300/342 299/341 305/350
f 928/1074 924/1070 923/1069 295/337
f 928/1074 295/337 294/336 300/342
f 923/1069 919/1068 918/3374 290/332
f 923/1069 290/332 289/331 295/337
f 918/1061 914/1057 913/1056 285/3375
f 918/3374 285/327 284/326 290/332
f 913/1056 909/1052 908/1051 280/317
f 913/1056 280/317 279/316 285/3375
f 908/1051 904/1047 903/1046 275/312
f 908/1051 275/312 274/311 280/317
f 903/1046 899/1042 898/1041 270/307
f 903/1046 270/307 269/306 275/312
f 898/1041 894/1040 893/3376 265/302
f 898/1041 265/302 264/301 270/307
f 893/1033 889/1029 888/1028 260/3377
f 893/3376 260/297 259/296 265/302
f 888/1028 884/1024 883/1023 255/289
f 888/1028 255/289 254/288 260/3377
f 883/1023 879/1019 878/1018 250/284
f 883/1023 250/284 249/283 255/289
f 878/1018 874/1014 873/1013 245/279
f 878/1018 245/279 244/278 250/284
f 873/1013 869/1009 868/1008 240/274
f 873/1013 240/274 239/273 245/279
f 868/1008 864/1004 863/1003 235/269
f 868/1008 235/269 234/268 240/274
f 863/1003 859/999 858/998 230/264
f 863/1003 230/264 229/263 235/269
f 858/3378 854/991 853/990 225/3379
f 858/998 225/257 224/256 230/264
f 853/990 849/984 848/983 220/251
f 853/990 220/251 219/250 225/3379
f 848/983 844/977 843/976 215/246
f 848/983 215/246 214/245 220/251
f 843/976 839/970 838/969 210/241
f 843/976 210/241 209/240 215/246
f 838/969 834/963 833/962 205/236
f 838/969 205/236 204/235 210/241
f 833/962 829/961 828/3380 200/231
f 833/962 200/231 199/230 205/236
f 828/3381 824/950 823/949 195/3382
f 828/3380 195/224 194/223 200/231
f 823/949 819/942 818/941 190/218
f 823/949 190/218 189/217 195/3382
f 818/941 814/935 813/934 185/213
f 818/941 185/213 184/212 190/218
f 813/934 809/933 808/3383 180/208
f 813/934 180/208 179/207 185/213
f 808/927 804/923 803/922 175/3384
f 808/3383 175/203 174/202 180/208
f 803/922 799/918 798/917 170/195
f 803/922 170/195 169/194 175/3384
f 798/917 794/913 793/912 165/190
f 798/917 165/190 164/189 170/195
f 793/912 789/907 788/906 160/185
f 793/912 160/185 159/184 165/190
f 788/906 784/905 783/3385 155/180
f 788/906 155/180 154/179 160/185
f 783/899 779/895 778/894 150/3386
f 783/3385 150/175 149/174 155/180
f 778/894 774/890 773/889 145/167
f 778/894 145/167 144/166 150/3386
f 773/889 769/885 768/884 140/162
f 773/889 140/162 139/161 145/167
f 768/884 764/879 763/878 135/157
f 768/884 135/157 134/156 140/162
f 763/3387 759/872 758/871 130/149
f 763/878 130/3388 129/155 135/157
f 758/871 754/867 753/866 125/142
f 758/871 125/142 124/141 130/149
f 753/866 749/862 748/861 120/135
f 753/866 120/135 119/134 125/142
f 748/861 744/857 743/856 115/127
f 748/861 115/127 114/126 120/135
f 743/856 739/852 738/851 110/122
f 743/856 110/122 109/121 115/127
f 738/851 734/847 733/846 105/117
f 738/851 105/117 104/116 110/122
f 733/3389 729/839 728/838 100/109
f 733/846 100/3390 99/115 105/117
f 728/838 724/834 723/833 95/104
f 728/838 95/104 94/103 100/109
f 723/833 719/829 718/828 90/99
f 723/833 90/99 89/98 95/104
f 718/828 714/824 713/823 85/94
f 718/828 85/94 84/93 90/99
f 713/823 709/819 708/818 80/89
f 713/823 80/89 79/88 85/94
f 708/818 704/813 703/812 75/84
f 708/818 75/84 74/83 80/89
f 703/3391 699/806 698/805 70/3392
f 703/812 70/79 69/78 75/84
f 698/805 694/801 693/800 65/71
f 698/805 65/71 64/70 70/3392
f 693/800 689/796 688/795 60/66
f 693/800 60/66 59/65 65/71
f 688/795 684/790 683/789 55/61
f 688/795 55/61 54/60 60/66
f 683/789 679/783 678/782 50/56
f 683/789 50/56 49/55 55/61
f 678/782 674/781 673/3393 45/51
f 678/782 45/51 44/50 50/56
f 673/3394 669/770 668/769 40/43
f 673/3393 40/3395 39/49 45/51
f 668/769 664/762 663/761 35/38
f 668/769 35/38 34/37 40/43
f 663/761 659/755 658/754 30/33
f 663/761 30/33 29/32 35/38
f 658/754 654/748 653/747 25/28
f 658/754 25/28 24/27 30/33
f 653/747 649/746 648/3396 20/23
f 653/747 20/23 19/22 25/28
f 648/3396 644/735 5/11 8/10
f 648/3396 8/10 15/18 20/23
f 637/723 636/722 3/3118 2/3397
